-1.6549333333333334,-0.49706666666666666,0.08266666666666667,26
-1.6538666666666666,-0.5005333333333334,0.0816,26
-1.6541333333333332,-0.49573333333333336,0.0832,26
-1.6525333333333334,-0.4976,0.08453333333333334,26
-1.6509333333333334,-0.4952,0.08186666666666667,27
-1.6554666666666666,-0.49733333333333335,0.08266666666666667,27
-1.6530666666666667,-0.49706666666666666,0.0792,27
-1.6546666666666667,-0.49893333333333334,0.08586666666666666,27
-1.6578666666666666,-0.5,0.08186666666666667,27
-1.6562666666666668,-0.4981333333333333,0.0832,28
-1.6538666666666666,-0.4962666666666667,0.08773333333333333,28
-1.6570666666666667,-0.49706666666666666,0.08293333333333333,28
-1.6565333333333334,-0.5010666666666667,0.07786666666666667,28
-1.6592,-0.4981333333333333,0.0832,28
-1.6581333333333332,-0.49866666666666665,0.0848,28
-1.6586666666666667,-0.4992,0.09066666666666667,28
-1.6570666666666667,-0.5008,0.07973333333333334,29
-1.6562666666666668,-0.49946666666666667,0.0816,29
-1.6605333333333334,-0.4981333333333333,0.0792,29
-1.6578666666666666,-0.4976,0.07866666666666666,29
-1.6568,-0.4968,0.08186666666666667,29
-1.6597333333333333,-0.4981333333333333,0.08266666666666667,29
-1.6592,-0.4952,0.0792,29
-1.6594666666666666,-0.49706666666666666,0.0784,29
-1.6570666666666667,-0.49866666666666665,0.08586666666666666,29
-1.656,-0.49946666666666667,0.0816,29
-1.6578666666666666,-0.4981333333333333,0.07946666666666667,30
-1.6570666666666667,-0.49946666666666667,0.08,30
-1.6597333333333333,-0.4962666666666667,0.0856,30
-1.6589333333333334,-0.49573333333333336,0.07946666666666667,30
-1.6568,-0.4981333333333333,0.084,30
-1.6557333333333333,-0.4984,0.08186666666666667,30
-1.6578666666666666,-0.49706666666666666,0.08426666666666667,30
-1.6592,-0.49546666666666667,0.08826666666666666,30
-1.6597333333333333,-0.4976,0.08186666666666667,31
-1.6581333333333332,-0.4968,0.07733333333333334,31
-1.6624,-0.4968,0.08,31
-1.6594666666666666,-0.5,0.0792,31
-1.6616,-0.49866666666666665,0.07893333333333333,31
-1.6624,-0.4968,0.07866666666666666,31
-1.6594666666666666,-0.4997333333333333,0.08,31
-1.6613333333333333,-0.4976,0.08293333333333333,32
-1.6589333333333334,-0.4962666666666667,0.08693333333333333,32
-1.6584,-0.4968,0.08266666666666667,32
-1.6602666666666666,-0.4978666666666667,0.0808,32
-1.6618666666666666,-0.49893333333333334,0.0792,32
-1.6616,-0.49866666666666665,0.08186666666666667,32
-1.6645333333333334,-0.4965333333333333,0.0872,32
-1.6618666666666666,-0.4976,0.08613333333333334,33
-1.6613333333333333,-0.5002666666666666,0.0808,33
-1.6618666666666666,-0.4965333333333333,0.0816,33
-1.6621333333333332,-0.4965333333333333,0.08106666666666666,33
-1.6608,-0.4984,0.08266666666666667,33
-1.6586666666666667,-0.49866666666666665,0.08453333333333334,33
-1.6621333333333332,-0.49946666666666667,0.08293333333333333,33
-1.6618666666666666,-0.4981333333333333,0.08,33
-1.6616,-0.4984,0.0816,34
-1.6608,-0.49866666666666665,0.08373333333333334,34
-1.66,-0.5008,0.08053333333333333,34
-1.6597333333333333,-0.4981333333333333,0.0832,34
-1.6589333333333334,-0.4976,0.08053333333333333,34
-1.6629333333333334,-0.4992,0.07626666666666666,34
-1.6605333333333334,-0.5005333333333334,0.0784,34
-1.6602666666666666,-0.4984,0.08426666666666667,34
-1.6626666666666667,-0.49893333333333334,0.08186666666666667,34
-1.6618666666666666,-0.5008,0.0792,35
-1.6610666666666667,-0.4968,0.08373333333333334,35
-1.6605333333333334,-0.4992,0.0864,35
-1.6648,-0.4965333333333333,0.08533333333333333,35
-1.6645333333333334,-0.49893333333333334,0.0832,35
-1.6637333333333333,-0.49706666666666666,0.08106666666666666,35
-1.6632,-0.49946666666666667,0.08266666666666667,35
-1.6672,-0.4968,0.08293333333333333,35
-1.6664,-0.4981333333333333,0.0824,36
-1.6661333333333332,-0.4981333333333333,0.08106666666666666,41
-1.6653333333333333,-0.49866666666666665,0.07866666666666666,47
-1.6632,-0.4984,0.08026666666666667,53
-1.6616,-0.4984,0.07973333333333334,59
-1.6602666666666666,-0.4997333333333333,0.07973333333333334,65
-1.6597333333333333,-0.5002666666666666,0.07866666666666666,71
-1.6610666666666667,-0.49866666666666665,0.0792,77
-1.6608,-0.4981333333333333,0.0824,83
-1.6608,-0.4984,0.08373333333333334,89
-1.6632,-0.49866666666666665,0.08106666666666666,94
-1.6634666666666666,-0.4978666666666667,0.08106666666666666,100
-1.6645333333333334,-0.49733333333333335,0.08106666666666666,106
-1.6653333333333333,-0.4965333333333333,0.08133333333333333,112
-1.6656,-0.4976,0.08213333333333334,118
-1.6677333333333333,-0.49733333333333335,0.08053333333333333,124
-1.6672,-0.49733333333333335,0.07866666666666666,129
-1.6653333333333333,-0.4965333333333333,0.0808,135
-1.6656,-0.4965333333333333,0.08133333333333333,141
-1.6653333333333333,-0.4968,0.084,147
-1.6658666666666666,-0.4962666666666667,0.08453333333333334,153
-1.6650666666666667,-0.49706666666666666,0.0816,159
-1.6642666666666666,-0.49733333333333335,0.0816,165
-1.6634666666666666,-0.4968,0.084,170
-1.6642666666666666,-0.4976,0.08293333333333333,176
-1.6653333333333333,-0.4968,0.08026666666666667,181
-1.6650666666666667,-0.49733333333333335,0.0792,188
-1.6645333333333334,-0.4984,0.0792,194
-1.6650666666666667,-0.4981333333333333,0.07733333333333334,200
-1.6650666666666667,-0.4981333333333333,0.07786666666666667,205
-1.6653333333333333,-0.4992,0.07733333333333334,211
-1.6664,-0.5002666666666666,0.07813333333333333,217
-1.6653333333333333,-0.5016,0.08133333333333333,223
-1.6645333333333334,-0.5016,0.08106666666666666,228
-1.6637333333333333,-0.5005333333333334,0.0824,234
-1.6629333333333334,-0.5008,0.084,240
-1.6632,-0.5010666666666667,0.0832,245
-1.6634666666666666,-0.5005333333333334,0.08266666666666667,252
-1.664,-0.5005333333333334,0.08533333333333333,258
-1.6650666666666667,-0.4997333333333333,0.08106666666666666,264
-1.6661333333333332,-0.49893333333333334,0.08186666666666667,269
-1.6661333333333332,-0.49893333333333334,0.0808,275
-1.6656,-0.4978666666666667,0.0792,281
-1.6661333333333332,-0.49706666666666666,0.08213333333333334,287
-1.6658666666666666,-0.49733333333333335,0.08213333333333334,292
-1.6661333333333332,-0.4965333333333333,0.08106666666666666,298
-1.6664,-0.4965333333333333,0.08346666666666666,304
-1.6664,-0.49733333333333335,0.08346666666666666,310
-1.6672,-0.49866666666666665,0.08426666666666667,316
-1.6682666666666666,-0.4981333333333333,0.08293333333333333,322
-1.6674666666666667,-0.4992,0.08106666666666666,327
-1.6666666666666667,-0.5005333333333334,0.08026666666666667,333
-1.6653333333333333,-0.5005333333333334,0.07946666666666667,339
-1.664,-0.5005333333333334,0.0784,345
-1.6648,-0.5002666666666666,0.07813333333333333,351
-1.6642666666666666,-0.5,0.0792,356
-1.6637333333333333,-0.5,0.0792,362
-1.6632,-0.4997333333333333,0.08,368
-1.6642666666666666,-0.4997333333333333,0.08053333333333333,374
-1.6653333333333333,-0.5005333333333334,0.08133333333333333,380
-1.6653333333333333,-0.5005333333333334,0.08346666666666666,385
-1.6656,-0.5,0.08426666666666667,391
-1.6653333333333333,-0.5002666666666666,0.0848,397
-1.6658666666666666,-0.5005333333333334,0.08533333333333333,404
-1.6664,-0.5008,0.0856,409
-1.6658666666666666,-0.5008,0.08586666666666666,415
-1.6650666666666667,-0.5013333333333333,0.08693333333333333,421
-1.6664,-0.5008,0.08586666666666666,427
-1.6656,-0.5010666666666667,0.0848,433
-1.6661333333333332,-0.5013333333333333,0.084,439
-1.6661333333333332,-0.5018666666666667,0.0824,444
-1.6672,-0.5005333333333334,0.07946666666666667,450
-1.6688,-0.5002666666666666,0.0768,456
-1.6688,-0.4997333333333333,0.0752,462
-1.6674666666666667,-0.4997333333333333,0.0776,467
-1.668,-0.5,0.07653333333333333,473
-1.6682666666666666,-0.4992,0.07573333333333333,479
-1.6664,-0.49866666666666665,0.08026666666666667,486
-1.6656,-0.49866666666666665,0.08106666666666666,491
-1.6642666666666666,-0.49866666666666665,0.08426666666666667,496
-1.6648,-0.4976,0.08666666666666667,502
-1.6653333333333333,-0.4984,0.0848,508
-1.6637333333333333,-0.49866666666666665,0.08693333333333333,514
-1.6645333333333334,-0.4992,0.08506666666666667,520
-1.6650666666666667,-0.4984,0.0856,526
-1.6650666666666667,-0.49866666666666665,0.08533333333333333,531
-1.6650666666666667,-0.4984,0.0848,538
-1.6642666666666666,-0.5,0.08133333333333333,544
-1.6648,-0.5,0.08213333333333334,549
-1.6661333333333332,-0.5013333333333333,0.08213333333333334,556
-1.6672,-0.5010666666666667,0.08266666666666667,561
-1.6669333333333334,-0.5013333333333333,0.08346666666666666,567
-1.6677333333333333,-0.5010666666666667,0.0848,573
-1.6685333333333334,-0.5010666666666667,0.08453333333333334,579
-1.6698666666666666,-0.5,0.08586666666666666,585
-1.6698666666666666,-0.5,0.08266666666666667,591
-1.6688,-0.49866666666666665,0.08053333333333333,597
-1.6677333333333333,-0.4978666666666667,0.0808,602
-1.6674666666666667,-0.4978666666666667,0.07946666666666667,608
-1.6661333333333332,-0.4978666666666667,0.08026666666666667,614
-1.6645333333333334,-0.4978666666666667,0.08266666666666667,620
-1.664,-0.49866666666666665,0.07946666666666667,626
-1.6645333333333334,-0.4978666666666667,0.0816,632
-1.6648,-0.4984,0.08613333333333334,638
-1.6650666666666667,-0.49866666666666665,0.08533333333333333,643
-1.668,-0.4981333333333333,0.08426666666666667,649
-1.6690666666666667,-0.49733333333333335,0.08453333333333334,654
-1.6685333333333334,-0.49733333333333335,0.08293333333333333,661
-1.6693333333333333,-0.49733333333333335,0.08453333333333334,665
-1.6698666666666666,-0.4976,0.08453333333333334,672
-1.6696,-0.4968,0.084,678
-1.6696,-0.4968,0.08533333333333333,684
-1.6672,-0.4976,0.08373333333333334,690
-1.6669333333333334,-0.49893333333333334,0.08293333333333333,696
-1.6674666666666667,-0.4984,0.0816,702
-1.6666666666666667,-0.4981333333333333,0.0832,707
-1.6653333333333333,-0.49706666666666666,0.0824,713
-1.6669333333333334,-0.49706666666666666,0.08213333333333334,719
-1.6672,-0.4976,0.08213333333333334,725
-1.6690666666666667,-0.49733333333333335,0.08213333333333334,731
-1.6701333333333332,-0.4962666666666667,0.08373333333333334,737
-1.6704,-0.4968,0.0856,742
-1.6709333333333334,-0.4968,0.08346666666666666,748
-1.6717333333333333,-0.4978666666666667,0.0808,754
-1.6709333333333334,-0.49866666666666665,0.08106666666666666,760
-1.6722666666666666,-0.4984,0.0816,766
-1.6709333333333334,-0.49866666666666665,0.08026666666666667,771
-1.6696,-0.5,0.07866666666666666,777
-1.6685333333333334,-0.5005333333333334,0.07706666666666667,783
-1.6688,-0.5010666666666667,0.0784,788
-1.6688,-0.5010666666666667,0.0784,795
-1.6688,-0.5008,0.0768,801
-1.6682666666666666,-0.5005333333333334,0.07546666666666667,807
-1.6682666666666666,-0.5002666666666666,0.0752,812
-1.6674666666666667,-0.49866666666666665,0.07626666666666666,818
-1.6669333333333334,-0.49866666666666665,0.07893333333333333,824
-1.6672,-0.4981333333333333,0.0824,830
-1.6658666666666666,-0.4976,0.08346666666666666,836
-1.6666666666666667,-0.49706666666666666,0.08586666666666666,841
-1.6650666666666667,-0.4976,0.0856,847
-1.6672,-0.49733333333333335,0.088,853
-1.6682666666666666,-0.4981333333333333,0.0888,859
-1.6688,-0.4978666666666667,0.08773333333333333,865
-1.6685333333333334,-0.4984,0.08613333333333334,870
-1.6688,-0.49946666666666667,0.08453333333333334,876
-1.6693333333333333,-0.49893333333333334,0.08746666666666666,882
-1.6685333333333334,-0.49893333333333334,0.0872,888
-1.6688,-0.49866666666666665,0.08826666666666666,894
-1.6682666666666666,-0.4984,0.0856,899
-1.6685333333333334,-0.4984,0.0864,905
-1.668,-0.4976,0.08506666666666667,911
-1.6664,-0.4976,0.08133333333333333,917
-1.6666666666666667,-0.49733333333333335,0.08266666666666667,923
-1.6669333333333334,-0.4978666666666667,0.084,929
-1.6664,-0.49866666666666665,0.0824,935
-1.6661333333333332,-0.4981333333333333,0.0856,940
-1.6658666666666666,-0.4981333333333333,0.08506666666666667,946
-1.6672,-0.49946666666666667,0.08666666666666667,952
-1.6688,-0.4992,0.08746666666666666,959
-1.6677333333333333,-0.5,0.0856,964
-1.6664,-0.4992,0.08613333333333334,970
-1.6672,-0.49866666666666665,0.08533333333333333,975
-1.6685333333333334,-0.4976,0.08533333333333333,981
-1.6696,-0.4976,0.08506666666666667,987
-1.6696,-0.4965333333333333,0.0856,993
-1.6682666666666666,-0.4962666666666667,0.084,999
-1.6685333333333334,-0.4952,0.0856,1005
-1.668,-0.4965333333333333,0.0864,1025
-1.6661333333333332,-0.4962666666666667,0.0864,1028
-1.6666666666666667,-0.49733333333333335,0.08613333333333334,1028
-1.6653333333333333,-0.49706666666666666,0.0856,1028
-1.6653333333333333,-0.4968,0.08533333333333333,1038
-1.6656,-0.49706666666666666,0.08666666666666667,1040
-1.6656,-0.4981333333333333,0.08426666666666667,1047
-1.6661333333333332,-0.4981333333333333,0.08133333333333333,1052
-1.6669333333333334,-0.49866666666666665,0.0784,1074
-1.6664,-0.49893333333333334,0.07706666666666667,1074
-1.6664,-0.49893333333333334,0.0776,1074
-1.6661333333333332,-0.49893333333333334,0.0776,1075
-1.6656,-0.4997333333333333,0.07493333333333334,1087
-1.6666666666666667,-0.4997333333333333,0.0736,1087
-1.668,-0.4992,0.0728,1099
-1.6688,-0.49946666666666667,0.07573333333333333,1099
-1.6690666666666667,-0.49893333333333334,0.07893333333333333,1105
-1.6701333333333332,-0.49946666666666667,0.0776,1110
-1.6693333333333333,-0.5,0.0784,1116
-1.6722666666666666,-0.49866666666666665,0.08106666666666666,1122
-1.6725333333333334,-0.4981333333333333,0.08133333333333333,1128
-1.6730666666666667,-0.4984,0.08293333333333333,1133
-1.6712,-0.49893333333333334,0.0832,1139
-1.6709333333333334,-0.5,0.07946666666666667,1145
-1.6725333333333334,-0.49866666666666665,0.0784,1151
-1.6712,-0.4981333333333333,0.08,1159
-1.6698666666666666,-0.49866666666666665,0.0792,1165
-1.6696,-0.49946666666666667,0.07946666666666667,1169
-1.6693333333333333,-0.4992,0.0784,1179
-1.6688,-0.4976,0.07546666666666667,1180
-1.6690666666666667,-0.4976,0.07706666666666667,1186
-1.6677333333333333,-0.4976,0.07866666666666666,1192
-1.6677333333333333,-0.49893333333333334,0.07866666666666666,1199
-1.6677333333333333,-0.4997333333333333,0.0792,1204
-1.6685333333333334,-0.49866666666666665,0.08213333333333334,1210
-1.6688,-0.4992,0.0832,1215
-1.668,-0.5010666666666667,0.08213333333333334,1221
-1.668,-0.5016,0.0808,1227
-1.6682666666666666,-0.5010666666666667,0.07893333333333333,1233
-1.6666666666666667,-0.5008,0.07893333333333333,1241
-1.6672,-0.5005333333333334,0.0768,1247
-1.6656,-0.5013333333333333,0.07573333333333333,1254
-1.6672,-0.4997333333333333,0.07893333333333333,1256
-1.6669333333333334,-0.49866666666666665,0.08053333333333333,1264
-1.668,-0.4981333333333333,0.08213333333333334,1270
-1.6682666666666666,-0.4976,0.0848,1273
-1.6704,-0.49733333333333335,0.08533333333333333,1280
-1.6733333333333333,-0.4962666666666667,0.08453333333333334,1287
-1.6730666666666667,-0.496,0.0856,1295
-1.6728,-0.4962666666666667,0.0856,1297
-1.6741333333333333,-0.4968,0.08506666666666667,1302
-1.6733333333333333,-0.4968,0.0832,1308
-1.6728,-0.4976,0.08346666666666666,1316
-1.6725333333333334,-0.4981333333333333,0.0816,1322
-1.6725333333333334,-0.49733333333333335,0.08,1328
-1.6722666666666666,-0.4976,0.07893333333333333,1332
-1.6722666666666666,-0.4976,0.07973333333333334,1337
-1.6714666666666667,-0.4992,0.08,1343
-1.6704,-0.4997333333333333,0.0784,1349
-1.6706666666666667,-0.5,0.08,1356
-1.6698666666666666,-0.5005333333333334,0.07866666666666666,1362
-1.6693333333333333,-0.5018666666666667,0.08026666666666667,1368
-1.6693333333333333,-0.5026666666666667,0.08026666666666667,1373
-1.6696,-0.5037333333333334,0.0768,1379
-1.6693333333333333,-0.5021333333333333,0.07866666666666666,1385
-1.6712,-0.5005333333333334,0.08186666666666667,1390
-1.6714666666666667,-0.5008,0.0808,1400
-1.672,-0.5,0.08213333333333334,1401
-1.6722666666666666,-0.49946666666666667,0.0824,1407
-1.672,-0.49893333333333334,0.08373333333333334,1413
-1.6722666666666666,-0.4981333333333333,0.08293333333333333,1419
-1.6712,-0.49893333333333334,0.08426666666666667,1425
-1.6709333333333334,-0.4997333333333333,0.08426666666666667,1431
-1.6706666666666667,-0.49893333333333334,0.084,1436
-1.6706666666666667,-0.5,0.08373333333333334,1444
-1.6698666666666666,-0.4992,0.084,1449
-1.6701333333333332,-0.4997333333333333,0.08106666666666666,1454
-1.6706666666666667,-0.49866666666666665,0.084,1462
-1.6709333333333334,-0.49866666666666665,0.0824,1469
-1.6714666666666667,-0.4992,0.07866666666666666,1474
-1.6709333333333334,-0.4992,0.07866666666666666,1478
-1.6704,-0.49893333333333334,0.07813333333333333,1486
-1.6704,-0.49946666666666667,0.07866666666666666,1492
-1.6685333333333334,-0.5,0.07893333333333333,1497
-1.6669333333333334,-0.5010666666666667,0.07733333333333334,1501
-1.6664,-0.5008,0.0784,1507
-1.6658666666666666,-0.5,0.07866666666666666,1513
-1.6672,-0.5,0.08053333333333333,1523
-1.6677333333333333,-0.4992,0.08106666666666666,1525
-1.6677333333333333,-0.5,0.08186666666666667,1531
-1.6693333333333333,-0.49946666666666667,0.0832,1537
-1.6693333333333333,-0.4997333333333333,0.08373333333333334,1549
-1.6701333333333332,-0.4997333333333333,0.08586666666666666,1549
-1.6701333333333332,-0.4997333333333333,0.08693333333333333,1554
-1.6704,-0.5002666666666666,0.0864,1560
-1.6701333333333332,-0.49946666666666667,0.08533333333333333,1570
-1.6706666666666667,-0.4992,0.084,1571
-1.6696,-0.5,0.08346666666666666,1577
-1.6701333333333332,-0.4997333333333333,0.08293333333333333,1583
-1.6688,-0.4984,0.08186666666666667,1589
-1.6688,-0.49866666666666665,0.0824,1594
-1.6685333333333334,-0.49893333333333334,0.08293333333333333,1603
-1.6682666666666666,-0.4992,0.08426666666666667,1606
-1.6690666666666667,-0.49946666666666667,0.08293333333333333,1612
-1.6693333333333333,-0.4976,0.084,1618
-1.6709333333333334,-0.4976,0.084,1627
-1.6709333333333334,-0.4984,0.0832,1630
-1.6701333333333332,-0.49893333333333334,0.08293333333333333,1636
-1.6698666666666666,-0.4981333333333333,0.08293333333333333,1641
-1.6698666666666666,-0.4981333333333333,0.08266666666666667,1650
-1.6685333333333334,-0.49946666666666667,0.0808,1653
-1.6674666666666667,-0.49893333333333334,0.08026666666666667,1662
-1.6669333333333334,-0.49946666666666667,0.07946666666666667,1665
-1.668,-0.4997333333333333,0.07866666666666666,1670
-1.6677333333333333,-0.49893333333333334,0.07973333333333334,1676
-1.6674666666666667,-0.4997333333333333,0.07893333333333333,1688
-1.6685333333333334,-0.5005333333333334,0.08,1689
-1.6693333333333333,-0.4997333333333333,0.0816,1695
-1.6704,-0.49946666666666667,0.08346666666666666,1699
-1.6701333333333332,-0.49946666666666667,0.08773333333333333,1705
-1.6696,-0.4992,0.08853333333333334,1713
-1.6701333333333332,-0.49866666666666665,0.08826666666666666,1720
-1.6714666666666667,-0.4981333333333333,0.08853333333333334,1725
-1.6712,-0.4978666666666667,0.08853333333333334,1729
-1.6698666666666666,-0.4992,0.08906666666666667,1739
-1.6693333333333333,-0.4997333333333333,0.088,1741
-1.6706666666666667,-0.49946666666666667,0.08373333333333334,1747
-1.6698666666666666,-0.5,0.08373333333333334,1752
-1.6693333333333333,-0.5010666666666667,0.0816,1758
-1.6674666666666667,-0.5008,0.08293333333333333,1765
-1.6693333333333333,-0.5005333333333334,0.08293333333333333,1773
-1.6698666666666666,-0.49946666666666667,0.0824,1775
-1.6709333333333334,-0.4997333333333333,0.084,1781
-1.6706666666666667,-0.4997333333333333,0.0824,1787
-1.6725333333333334,-0.5,0.08133333333333333,1799
-1.6725333333333334,-0.49946666666666667,0.08106666666666666,1799
-1.6728,-0.49893333333333334,0.0792,1806
-1.6704,-0.5005333333333334,0.08,1811
-1.6704,-0.5010666666666667,0.07893333333333333,1816
-1.6693333333333333,-0.5013333333333333,0.0752,1823
-1.6696,-0.5008,0.07733333333333334,1829
-1.6682666666666666,-0.5002666666666666,0.0784,1834
-1.6682666666666666,-0.49946666666666667,0.08053333333333333,1840
-1.6693333333333333,-0.5005333333333334,0.08266666666666667,1846
-1.6701333333333332,-0.5002666666666666,0.08373333333333334,1854
-1.6706666666666667,-0.49893333333333334,0.08746666666666666,1859
-1.6706666666666667,-0.49946666666666667,0.08826666666666666,1865
-1.6706666666666667,-0.5002666666666666,0.08746666666666666,1871
-1.6712,-0.5,0.0872,1877
-1.6712,-0.5005333333333334,0.0864,1883
-1.6712,-0.4992,0.0848,1888
-1.6712,-0.4997333333333333,0.0824,1892
-1.6714666666666667,-0.49946666666666667,0.08026666666666667,1900
-1.6725333333333334,-0.4984,0.08,1904
-1.6714666666666667,-0.4981333333333333,0.07946666666666667,1910
-1.6701333333333332,-0.4984,0.07893333333333333,1915
-1.6698666666666666,-0.49866666666666665,0.07813333333333333,1921
-1.6696,-0.49893333333333334,0.0776,1934
-1.6690666666666667,-0.4992,0.07946666666666667,1934
-1.6693333333333333,-0.49893333333333334,0.08133333333333333,1940
-1.6685333333333334,-0.49866666666666665,0.0816,1945
-1.6701333333333332,-0.49866666666666665,0.0816,1950
-1.6712,-0.5002666666666666,0.08133333333333333,1958
-1.6712,-0.5,0.08213333333333334,1963
-1.6728,-0.5002666666666666,0.0816,1969
-1.6736,-0.49893333333333334,0.08026666666666667,1977
-1.6733333333333333,-0.4984,0.0792,1979
-1.6741333333333333,-0.49866666666666665,0.0784,1987
-1.672,-0.49866666666666665,0.08,1991
-1.6725333333333334,-0.49893333333333334,0.0816,1997
-1.6738666666666666,-0.4992,0.08186666666666667,2008
-1.6725333333333334,-0.49946666666666667,0.0824,2009
-1.672,-0.5008,0.08346666666666666,2015
-1.6722666666666666,-0.5002666666666666,0.0848,2020
-1.6736,-0.5002666666666666,0.08586666666666666,2030
-1.6744,-0.5002666666666666,0.0864,2032
-1.6736,-0.4992,0.08746666666666666,2038
-1.6722666666666666,-0.49946666666666667,0.08666666666666667,2044
-1.6722666666666666,-0.4992,0.08533333333333333,2052
-1.6722666666666666,-0.49866666666666665,0.0824,2056
-1.6714666666666667,-0.5002666666666666,0.08,2061
-1.6696,-0.5005333333333334,0.08,2067
-1.6690666666666667,-0.4997333333333333,0.0792,2073
-1.6690666666666667,-0.5,0.07813333333333333,2079
-1.6693333333333333,-0.49946666666666667,0.0792,2088
-1.6698666666666666,-0.49733333333333335,0.08266666666666667,2094
-1.6696,-0.4978666666666667,0.08426666666666667,2099
-1.6693333333333333,-0.49706666666666666,0.08453333333333334,2103
-1.6696,-0.4968,0.08373333333333334,2111
-1.6690666666666667,-0.4981333333333333,0.08293333333333333,2117
-1.6698666666666666,-0.4978666666666667,0.08266666666666667,2122
-1.6704,-0.5,0.08426666666666667,2126
-1.6704,-0.5016,0.08426666666666667,2134
-1.6704,-0.5016,0.084,2138
-1.6698666666666666,-0.5013333333333333,0.08586666666666666,2144
-1.6717333333333333,-0.5013333333333333,0.08693333333333333,2149
-1.6709333333333334,-0.5008,0.0872,2154
-1.6698666666666666,-0.4997333333333333,0.0904,2164
-1.6690666666666667,-0.49946666666666667,0.09013333333333333,2166
-1.6688,-0.4981333333333333,0.09066666666666667,2173
-1.6690666666666667,-0.49866666666666665,0.08933333333333333,2178
-1.6701333333333332,-0.49893333333333334,0.08773333333333333,2187
-1.6698666666666666,-0.4984,0.08346666666666666,2194
-1.6714666666666667,-0.49706666666666666,0.0816,2198
-1.6717333333333333,-0.4976,0.07946666666666667,2202
-1.6722666666666666,-0.4981333333333333,0.0776,2210
-1.672,-0.49893333333333334,0.0768,2214
-1.6728,-0.49733333333333335,0.07733333333333334,2220
-1.6730666666666667,-0.4981333333333333,0.07973333333333334,2225
-1.6738666666666666,-0.4984,0.0776,2232
-1.6728,-0.49946666666666667,0.07786666666666667,2239
-1.6725333333333334,-0.49893333333333334,0.0784,2245
-1.6738666666666666,-0.49866666666666665,0.07893333333333333,2248
-1.6730666666666667,-0.4978666666666667,0.07813333333333333,2255
-1.6728,-0.4976,0.076,2262
-1.6722666666666666,-0.4976,0.0744,2269
-1.672,-0.49733333333333335,0.07813333333333333,2274
-1.6722666666666666,-0.4968,0.0792,2277
-1.6733333333333333,-0.49706666666666666,0.0784,2283
-1.6722666666666666,-0.4976,0.07973333333333334,2289
-1.672,-0.4984,0.08026666666666667,2295
-1.6717333333333333,-0.4984,0.08293333333333333,2301
-1.6722666666666666,-0.4984,0.0848,2307
-1.6722666666666666,-0.49866666666666665,0.08453333333333334,2312
-1.6706666666666667,-0.49893333333333334,0.08426666666666667,2325
-1.6706666666666667,-0.5,0.08293333333333333,2325
-1.6709333333333334,-0.49866666666666665,0.0856,2332
-1.672,-0.49866666666666665,0.0856,2336
-1.6725333333333334,-0.4992,0.08266666666666667,2342
-1.6722666666666666,-0.49946666666666667,0.0824,2348
-1.672,-0.49946666666666667,0.0824,2354
-1.6741333333333333,-0.4992,0.08293333333333333,2359
-1.6746666666666667,-0.4978666666666667,0.08506666666666667,2369
-1.6752,-0.49866666666666665,0.08266666666666667,2371
-1.6741333333333333,-0.4992,0.0824,2379
-1.6736,-0.4997333333333333,0.08373333333333334,2383
-1.6741333333333333,-0.4992,0.08266666666666667,2388
-1.6752,-0.4992,0.0816,2399
-1.6752,-0.5,0.0784,2400
-1.6746666666666667,-0.5013333333333333,0.07626666666666666,2406
-1.6738666666666666,-0.5013333333333333,0.07866666666666666,2412
-1.6741333333333333,-0.5008,0.08053333333333333,2418
-1.6736,-0.5002666666666666,0.0824,2424
-1.6733333333333333,-0.5002666666666666,0.0832,2429
-1.672,-0.5002666666666666,0.08373333333333334,2437
-1.6722666666666666,-0.5,0.08533333333333333,2443
-1.672,-0.5005333333333334,0.08693333333333333,2448
-1.672,-0.5005333333333334,0.08293333333333333,2453
-1.6725333333333334,-0.5002666666666666,0.08,2459
-1.6725333333333334,-0.5008,0.0792,2465
-1.6725333333333334,-0.4997333333333333,0.07893333333333333,2471
-1.6736,-0.4997333333333333,0.07866666666666666,2476
-1.6733333333333333,-0.5005333333333334,0.0776,2483
-1.6730666666666667,-0.5002666666666666,0.07653333333333333,2488
-1.6722666666666666,-0.49946666666666667,0.0816,2493
-1.6714666666666667,-0.5,0.08106666666666666,2500
-1.6717333333333333,-0.4997333333333333,0.08053333333333333,2507
-1.6714666666666667,-0.4997333333333333,0.08186666666666667,2512
-1.6714666666666667,-0.49893333333333334,0.08133333333333333,2518
-1.6706666666666667,-0.4978666666666667,0.08213333333333334,2525
-1.672,-0.4976,0.08293333333333333,2530
-1.6722666666666666,-0.4981333333333333,0.0816,2536
-1.6736,-0.4968,0.08186666666666667,2541
-1.6728,-0.49706666666666666,0.08346666666666666,2546
-1.6733333333333333,-0.4984,0.08186666666666667,2552
-1.6741333333333333,-0.49893333333333334,0.08346666666666666,2561
-1.6744,-0.4992,0.08533333333333333,2566
-1.6741333333333333,-0.4997333333333333,0.08533333333333333,2569
-1.6741333333333333,-0.4992,0.08293333333333333,2575
-1.6730666666666667,-0.5008,0.0832,2582
-1.6728,-0.5010666666666667,0.0816,2587
-1.6722666666666666,-0.4997333333333333,0.07946666666666667,2593
-1.6722666666666666,-0.4997333333333333,0.07786666666666667,2603
-1.6717333333333333,-0.5,0.0776,2604
-1.672,-0.5002666666666666,0.07786666666666667,2610
-1.6717333333333333,-0.5008,0.08053333333333333,2616
-1.6712,-0.5,0.08186666666666667,2622
-1.6714666666666667,-0.5008,0.08346666666666666,2633
-1.672,-0.5010666666666667,0.0848,2634
-1.6722666666666666,-0.5005333333333334,0.08586666666666666,2640
-1.672,-0.5005333333333334,0.0848,2645
-1.6730666666666667,-0.5002666666666666,0.08426666666666667,2654
-1.6733333333333333,-0.4992,0.08586666666666666,2660
-1.6736,-0.49893333333333334,0.0864,2664
-1.6741333333333333,-0.49866666666666665,0.08773333333333333,2668
-1.6744,-0.4984,0.08693333333333333,2677
-1.6746666666666667,-0.4997333333333333,0.08746666666666666,2682
-1.6736,-0.5,0.08693333333333333,2687
-1.6749333333333334,-0.49946666666666667,0.0824,2693
-1.6749333333333334,-0.5002666666666666,0.0808,2698
-1.6749333333333334,-0.49946666666666667,0.07946666666666667,2704
-1.6728,-0.49946666666666667,0.07893333333333333,2713
-1.6728,-0.4997333333333333,0.08266666666666667,2720
-1.6725333333333334,-0.49893333333333334,0.0816,2722
-1.6730666666666667,-0.4992,0.0848,2728
-1.672,-0.4992,0.08373333333333334,2738
-1.6717333333333333,-0.49866666666666665,0.08186666666666667,2738
-1.6712,-0.4997333333333333,0.08186666666666667,2745
-1.6736,-0.49946666666666667,0.08266666666666667,2751
-1.6728,-0.49866666666666665,0.08133333333333333,2756
-1.6728,-0.4992,0.08133333333333333,2764
-1.6725333333333334,-0.4984,0.0848,2768
-1.6722666666666666,-0.49866666666666665,0.08746666666666666,2774
-1.6730666666666667,-0.49893333333333334,0.09013333333333333,2780
-1.6722666666666666,-0.49893333333333334,0.09146666666666667,2786
-1.6712,-0.5002666666666666,0.0896,2795
-1.672,-0.5005333333333334,0.09093333333333334,2797
-1.6725333333333334,-0.5,0.09226666666666666,2805
-1.6725333333333334,-0.49946666666666667,0.08826666666666666,2809
-1.6725333333333334,-0.49893333333333334,0.08853333333333334,2817
-1.6728,-0.4992,0.08986666666666666,2823
-1.6744,-0.49733333333333335,0.0896,2827
-1.6744,-0.4976,0.088,2833
-1.6744,-0.4978666666666667,0.08453333333333334,2839
-1.6738666666666666,-0.49866666666666665,0.0832,2845
-1.6736,-0.49866666666666665,0.08453333333333334,2850
-1.6746666666666667,-0.49866666666666665,0.08293333333333333,2856
-1.6744,-0.4992,0.08053333333333333,2862
-1.6757333333333333,-0.5002666666666666,0.07946666666666667,2868
-1.676,-0.49946666666666667,0.07866666666666666,2873
-1.676,-0.49946666666666667,0.08133333333333333,2879
-1.6768,-0.4992,0.07866666666666666,2889
-1.6770666666666667,-0.49893333333333334,0.0784,2891
-1.676,-0.49893333333333334,0.07946666666666667,2897
-1.6757333333333333,-0.4997333333333333,0.07973333333333334,2902
-1.6754666666666667,-0.49893333333333334,0.0784,2912
-1.6746666666666667,-0.5,0.0776,2914
-1.6744,-0.4992,0.07786666666666667,2920
-1.6752,-0.5010666666666667,0.07973333333333334,2926
-1.6752,-0.5013333333333333,0.08026666666666667,2932
-1.6752,-0.5008,0.07973333333333334,2938
-1.6757333333333333,-0.4997333333333333,0.07946666666666667,2947
-1.6749333333333334,-0.5,0.08106666666666666,2949
-1.6762666666666666,-0.4992,0.08453333333333334,2957
-1.6762666666666666,-0.49866666666666665,0.08506666666666667,2962
-1.6749333333333334,-0.4978666666666667,0.08346666666666666,2969
-1.6749333333333334,-0.4976,0.0816,2975
-1.6738666666666666,-0.4978666666666667,0.08213333333333334,2979
-1.6738666666666666,-0.4976,0.08133333333333333,2984
-1.6741333333333333,-0.4976,0.08133333333333333,2990
-1.6736,-0.4981333333333333,0.07573333333333333,2996
-1.6725333333333334,-0.4984,0.07733333333333334,3001
-1.6736,-0.4992,0.07653333333333333,3007
-1.672,-0.49893333333333334,0.0792,3013
-1.6728,-0.49893333333333334,0.07813333333333333,3019
-1.6725333333333334,-0.4992,0.0792,3027
-1.6722666666666666,-0.5,0.07893333333333333,3031
-1.6722666666666666,-0.49893333333333334,0.08213333333333334,3037
-1.6725333333333334,-0.4992,0.08186666666666667,3043
-1.6722666666666666,-0.4984,0.0848,3049
-1.6730666666666667,-0.4992,0.08346666666666666,3054
-1.6722666666666666,-0.5,0.08346666666666666,3064
-1.6733333333333333,-0.5,0.0792,3066
-1.6714666666666667,-0.5005333333333334,0.08053333333333333,3072
-1.6714666666666667,-0.5021333333333333,0.08133333333333333,3079
-1.6733333333333333,-0.5018666666666667,0.0808,3084
-1.6730666666666667,-0.5026666666666667,0.07786666666666667,3089
-1.6746666666666667,-0.5013333333333333,0.07626666666666666,3094
-1.6754666666666667,-0.5005333333333334,0.0768,3101
-1.6749333333333334,-0.5010666666666667,0.0816,3106
-1.6768,-0.5,0.08186666666666667,3114
-1.6768,-0.49946666666666667,0.07733333333333334,3123
-1.6746666666666667,-0.49893333333333334,0.0784,3124
-1.6746666666666667,-0.49866666666666665,0.07973333333333334,3130
-1.6738666666666666,-0.4984,0.08293333333333333,3136
-1.6730666666666667,-0.49893333333333334,0.08346666666666666,3146
-1.6728,-0.49893333333333334,0.08,3147
-1.6714666666666667,-0.4984,0.0816,3153
-1.6733333333333333,-0.4992,0.07866666666666666,3159
-1.6733333333333333,-0.4984,0.07946666666666667,3165
-1.6725333333333334,-0.5002666666666666,0.07866666666666666,3171
-1.6733333333333333,-0.5008,0.07813333333333333,3182
-1.6736,-0.5010666666666667,0.07706666666666667,3183
-1.6746666666666667,-0.5002666666666666,0.07733333333333334,3190
-1.6738666666666666,-0.5026666666666667,0.07786666666666667,3195
-1.6738666666666666,-0.5021333333333333,0.08106666666666666,3205
-1.6736,-0.5029333333333333,0.08053333333333333,3206
-1.6738666666666666,-0.5021333333333333,0.08186666666666667,3212
-1.6725333333333334,-0.5024,0.07973333333333334,3218
-1.6725333333333334,-0.5016,0.08106666666666666,3225
-1.6728,-0.5010666666666667,0.0824,3230
-1.6741333333333333,-0.4997333333333333,0.0832,3236
-1.6746666666666667,-0.49893333333333334,0.08293333333333333,3241
-1.6746666666666667,-0.49866666666666665,0.08346666666666666,3247
-1.6757333333333333,-0.4984,0.08133333333333333,3256
-1.6773333333333333,-0.4968,0.0816,3261
-1.6768,-0.49706666666666666,0.0816,3266
-1.6773333333333333,-0.4976,0.08293333333333333,3270
-1.6768,-0.4984,0.08373333333333334,3276
-1.6757333333333333,-0.4984,0.08373333333333334,3282
-1.676,-0.49893333333333334,0.08373333333333334,3288
-1.676,-0.49946666666666667,0.08346666666666666,3299
-1.6754666666666667,-0.5010666666666667,0.08426666666666667,3300
-1.6749333333333334,-0.5005333333333334,0.084,3307
-1.6757333333333333,-0.5005333333333334,0.084,3311
-1.676,-0.5010666666666667,0.08186666666666667,3317
-1.676,-0.5013333333333333,0.08293333333333333,3323
-1.6762666666666666,-0.5013333333333333,0.08186666666666667,3329
-1.6749333333333334,-0.5018666666666667,0.08506666666666667,3339
-1.6752,-0.5010666666666667,0.08666666666666667,3341
-1.6746666666666667,-0.5005333333333334,0.08693333333333333,3346
-1.6741333333333333,-0.5010666666666667,0.08693333333333333,3352
-1.6725333333333334,-0.5005333333333334,0.08293333333333333,3363
-1.6738666666666666,-0.5008,0.08266666666666667,3364
-1.6733333333333333,-0.5008,0.0824,3370
-1.6741333333333333,-0.5,0.08133333333333333,3375
-1.6741333333333333,-0.5002666666666666,0.0792,3387
-1.6744,-0.5002666666666666,0.07813333333333333,3387
-1.6736,-0.4997333333333333,0.07493333333333334,3393
-1.6738666666666666,-0.4997333333333333,0.07893333333333333,3399
-1.6728,-0.4992,0.07893333333333333,3404
-1.6733333333333333,-0.4984,0.0816,3410
-1.6728,-0.4992,0.08026666666666667,3421
-1.6714666666666667,-0.49893333333333334,0.08133333333333333,3423
-1.6736,-0.4984,0.08026666666666667,3429
-1.6746666666666667,-0.4981333333333333,0.0824,3433
-1.676,-0.4992,0.08,3444
-1.6762666666666666,-0.5,0.07973333333333334,3445
-1.6762666666666666,-0.5005333333333334,0.0768,3451
-1.6757333333333333,-0.5005333333333334,0.0776,3457
-1.6762666666666666,-0.5016,0.07706666666666667,3465
-1.6768,-0.5021333333333333,0.0768,3469
-1.6776,-0.5026666666666667,0.07786666666666667,3475
-1.6770666666666667,-0.5016,0.07786666666666667,3481
-1.6757333333333333,-0.5029333333333333,0.07893333333333333,3487
-1.6757333333333333,-0.5013333333333333,0.08106666666666666,3492
-1.6762666666666666,-0.5013333333333333,0.0824,3500
-1.6770666666666667,-0.5013333333333333,0.0832,3506
-1.6762666666666666,-0.5010666666666667,0.08506666666666667,3510
-1.6749333333333334,-0.5013333333333333,0.084,3515
-1.6738666666666666,-0.5010666666666667,0.08266666666666667,3522
-1.676,-0.49893333333333334,0.0784,3528
-1.6746666666666667,-0.5005333333333334,0.0784,3533
-1.6736,-0.49946666666666667,0.0784,3543
-1.6738666666666666,-0.5,0.07706666666666667,3544
-1.6741333333333333,-0.5005333333333334,0.07546666666666667,3550
-1.6738666666666666,-0.4997333333333333,0.07546666666666667,3556
-1.6741333333333333,-0.5008,0.0792,3562
-1.6746666666666667,-0.5013333333333333,0.0784,3567
-1.6754666666666667,-0.5013333333333333,0.0784,3578
-1.6752,-0.5021333333333333,0.0784,3580
-1.6757333333333333,-0.5024,0.07786666666666667,3586
-1.6746666666666667,-0.5013333333333333,0.07653333333333333,3591
-1.6744,-0.5008,0.07786666666666667,3599
-1.6749333333333334,-0.5,0.07893333333333333,3605
-1.6741333333333333,-0.4997333333333333,0.08053333333333333,3609
-1.6744,-0.4984,0.08,3619
-1.6749333333333334,-0.4984,0.08053333333333333,3621
-1.6757333333333333,-0.4976,0.08186666666666667,3627
-1.676,-0.4976,0.0832,3633
-1.6776,-0.4984,0.08453333333333334,3638
-1.6773333333333333,-0.4992,0.08426666666666667,3649
-1.6776,-0.5,0.08346666666666666,3650
-1.6768,-0.5010666666666667,0.08426666666666667,3657
-1.6781333333333333,-0.5,0.08266666666666667,3662
-1.6778666666666666,-0.5002666666666666,0.08373333333333334,3668
-1.6776,-0.5005333333333334,0.08213333333333334,3673
-1.6770666666666667,-0.5,0.0816,3679
-1.6768,-0.5005333333333334,0.0792,3687
-1.6765333333333334,-0.5005333333333334,0.08,3692
-1.6776,-0.5008,0.0784,3697
-1.6768,-0.5016,0.07813333333333333,3702
-1.6776,-0.5016,0.0784,3708
-1.6778666666666666,-0.5016,0.08026666666666667,3714
-1.6773333333333333,-0.5021333333333333,0.08106666666666666,3721
-1.6794666666666667,-0.5005333333333334,0.0824,3727
-1.6794666666666667,-0.5005333333333334,0.08293333333333333,3732
-1.6784,-0.5008,0.0832,3743
-1.6784,-0.5005333333333334,0.0856,3744
-1.6781333333333333,-0.5005333333333334,0.08453333333333334,3749
-1.6773333333333333,-0.4997333333333333,0.0824,3756
-1.6789333333333334,-0.4997333333333333,0.08373333333333334,3764
-1.6794666666666667,-0.4997333333333333,0.0848,3768
-1.6797333333333333,-0.5002666666666666,0.08666666666666667,3774
-1.6794666666666667,-0.49946666666666667,0.08666666666666667,3778
-1.6805333333333334,-0.5,0.08346666666666666,3784
-1.6784,-0.49946666666666667,0.08186666666666667,3790
-1.6781333333333333,-0.4984,0.08186666666666667,3797
-1.6765333333333334,-0.4978666666666667,0.08293333333333333,3804
-1.6762666666666666,-0.4978666666666667,0.0808,3808
-1.6757333333333333,-0.4978666666666667,0.08106666666666666,3813
-1.6765333333333334,-0.49866666666666665,0.08,3819
-1.6749333333333334,-0.4976,0.0808,3827
-1.6757333333333333,-0.4997333333333333,0.08293333333333333,3831
-1.6749333333333334,-0.5016,0.08266666666666667,3842
-1.676,-0.5016,0.08266666666666667,3842
-1.676,-0.5024,0.08506666666666667,3848
-1.6765333333333334,-0.5029333333333333,0.08373333333333334,3854
-1.6784,-0.5024,0.08266666666666667,3860
-1.6784,-0.5008,0.08373333333333334,3866
-1.6794666666666667,-0.5008,0.08346666666666666,3874
-1.6802666666666666,-0.5005333333333334,0.08266666666666667,3880
-1.68,-0.5008,0.07946666666666667,3884
-1.6789333333333334,-0.5010666666666667,0.07866666666666666,3890
-1.6776,-0.49866666666666665,0.07973333333333334,3895
-1.6773333333333333,-0.4992,0.08133333333333333,3901
-1.6752,-0.5,0.0808,3908
-1.6752,-0.5005333333333334,0.0808,3913
-1.6762666666666666,-0.5,0.08053333333333333,3919
-1.6762666666666666,-0.49946666666666667,0.08053333333333333,3925
-1.6781333333333333,-0.49893333333333334,0.08133333333333333,3930
-1.6784,-0.49893333333333334,0.08213333333333334,3936
-1.6781333333333333,-0.49946666666666667,0.0808,3941
-1.68,-0.4997333333333333,0.08026666666666667,3947
-1.68,-0.49866666666666665,0.08053333333333333,3955
-1.6792,-0.49866666666666665,0.0848,3961
-1.6784,-0.49866666666666665,0.08693333333333333,3966
-1.6792,-0.49893333333333334,0.08693333333333333,3970
-1.6792,-0.5,0.084,3978
-1.6794666666666667,-0.4997333333333333,0.08453333333333334,3983
-1.6784,-0.5,0.0848,3989
-1.6781333333333333,-0.49946666666666667,0.08133333333333333,3999
-1.6784,-0.4992,0.08106666666666666,4000
-1.6781333333333333,-0.5002666666666666,0.08186666666666667,4006
-1.6768,-0.5,0.08026666666666667,4012
-1.6765333333333334,-0.4997333333333333,0.08346666666666666,4018
-1.6768,-0.49946666666666667,0.0816,4025
-1.6765333333333334,-0.49893333333333334,0.0816,4031
-1.6754666666666667,-0.4992,0.08186666666666667,4035
-1.6749333333333334,-0.5,0.08186666666666667,4041
-1.6744,-0.4992,0.07946666666666667,4047
-1.6749333333333334,-0.5,0.07893333333333333,4054
-1.6754666666666667,-0.5,0.0784,4060
-1.6744,-0.5002666666666666,0.0816,4064
-1.6746666666666667,-0.5005333333333334,0.0832,4074
-1.6749333333333334,-0.5008,0.084,4076
-1.6744,-0.5010666666666667,0.08213333333333334,4081
-1.6749333333333334,-0.5013333333333333,0.08293333333333333,4087
-1.676,-0.5008,0.0832,4093
-1.6757333333333333,-0.5008,0.08373333333333334,4099
-1.6768,-0.5013333333333333,0.08293333333333333,4112
-1.6776,-0.5010666666666667,0.08133333333333333,4113
-1.6781333333333333,-0.5010666666666667,0.08,4119
-1.6778666666666666,-0.5013333333333333,0.0792,4124
-1.6781333333333333,-0.5008,0.07386666666666666,4128
-1.6789333333333334,-0.5002666666666666,0.0744,4135
-1.68,-0.4992,0.0728,4140
-1.68,-0.4992,0.0744,4146
-1.68,-0.49946666666666667,0.0752,4156
-1.6789333333333334,-0.4997333333333333,0.0784,4158
-1.68,-0.4978666666666667,0.08053333333333333,4163
-1.6789333333333334,-0.4997333333333333,0.0824,4169
-1.6786666666666668,-0.4992,0.08453333333333334,4175
-1.6784,-0.5002666666666666,0.08533333333333333,4181
-1.6789333333333334,-0.5005333333333334,0.08346666666666666,4186
-1.6792,-0.5005333333333334,0.08426666666666667,4193
-1.6818666666666666,-0.5013333333333333,0.08266666666666667,4200
-1.6813333333333333,-0.5021333333333333,0.08426666666666667,4205
-1.6813333333333333,-0.5005333333333334,0.0816,4210
-1.6813333333333333,-0.5016,0.0808,4216
-1.6813333333333333,-0.5005333333333334,0.08,4222
-1.68,-0.5002666666666666,0.07866666666666666,4230
-1.6802666666666666,-0.49893333333333334,0.08053333333333333,4235
-1.6797333333333333,-0.49866666666666665,0.07973333333333334,4240
-1.6794666666666667,-0.49866666666666665,0.0784,4245
-1.6797333333333333,-0.4984,0.08026666666666667,4251
-1.6781333333333333,-0.49733333333333335,0.07946666666666667,4257
-1.6794666666666667,-0.4976,0.08,4262
-1.6802666666666666,-0.4978666666666667,0.08133333333333333,4270
-1.6797333333333333,-0.49893333333333334,0.0792,4275
-1.68,-0.49946666666666667,0.08,4280
-1.6805333333333334,-0.5,0.08053333333333333,4286
-1.6797333333333333,-0.5008,0.0816,4291
-1.6818666666666666,-0.5005333333333334,0.0792,4297
-1.68,-0.5010666666666667,0.08,4305
-1.6792,-0.5008,0.0808,4311
-1.6786666666666668,-0.5005333333333334,0.0824,4315
-1.6792,-0.5,0.08293333333333333,4320
-1.6794666666666667,-0.4992,0.08053333333333333,4326
-1.6808,-0.49866666666666665,0.08026666666666667,4332
-1.6805333333333334,-0.4992,0.0808,4338
-1.6813333333333333,-0.49866666666666665,0.08,4350
-1.6808,-0.4992,0.07893333333333333,4350
-1.6816,-0.4997333333333333,0.0768,4356
-1.6821333333333333,-0.5,0.0752,4362
-1.6818666666666666,-0.5005333333333334,0.0768,4367
-1.6792,-0.5013333333333333,0.07866666666666666,4374
-1.6789333333333334,-0.5010666666666667,0.07973333333333334,4380
-1.6786666666666668,-0.5018666666666667,0.0808,4385
-1.6776,-0.5018666666666667,0.08106666666666666,4395
-1.6781333333333333,-0.5010666666666667,0.0832,4397
-1.6784,-0.5010666666666667,0.0832,4404
-1.6786666666666668,-0.5,0.0848,4409
-1.6797333333333333,-0.4997333333333333,0.0832,4415
-1.6805333333333334,-0.5002666666666666,0.07973333333333334,4425
-1.6810666666666667,-0.4992,0.0784,4427
-1.6821333333333333,-0.4978666666666667,0.0792,4432
-1.6813333333333333,-0.4997333333333333,0.0792,4438
-1.6813333333333333,-0.49893333333333334,0.07946666666666667,4447
-1.6810666666666667,-0.4981333333333333,0.0776,4452
-1.6805333333333334,-0.49893333333333334,0.07706666666666667,4456
-1.6802666666666666,-0.4984,0.0792,4466
-1.68,-0.49866666666666665,0.0784,4467
-1.68,-0.5,0.08026666666666667,4474
-1.6802666666666666,-0.4981333333333333,0.07946666666666667,4478
-1.6792,-0.49893333333333334,0.07946666666666667,4484
-1.6794666666666667,-0.4992,0.0792,4495
-1.68,-0.4981333333333333,0.07786666666666667,4496
-1.6797333333333333,-0.4984,0.0792,4502
-1.6794666666666667,-0.4984,0.08,4508
-1.6792,-0.4976,0.08026666666666667,4517
-1.6784,-0.49866666666666665,0.07893333333333333,4523
-1.6786666666666668,-0.4984,0.07813333333333333,4526
-1.6781333333333333,-0.4981333333333333,0.08026666666666667,4532
-1.6792,-0.4984,0.08133333333333333,4538
-1.6792,-0.4992,0.0816,4544
-1.6794666666666667,-0.4992,0.08106666666666666,4549
-1.6802666666666666,-0.49893333333333334,0.08053333333333333,4554
-1.6813333333333333,-0.49866666666666665,0.08053333333333333,4560
-1.6818666666666666,-0.49946666666666667,0.08266666666666667,4566
-1.6824,-0.5,0.08106666666666666,4573
-1.6810666666666667,-0.5,0.08,4580
-1.6808,-0.5,0.08,4585
-1.6808,-0.5005333333333334,0.0816,4589
-1.6797333333333333,-0.5,0.08053333333333333,4596
-1.6789333333333334,-0.5,0.0816,4602
-1.6786666666666668,-0.5002666666666666,0.0808,4607
-1.6794666666666667,-0.4992,0.08293333333333333,4616
-1.6786666666666668,-0.49893333333333334,0.08453333333333334,4619
-1.6784,-0.49893333333333334,0.08426666666666667,4626
-1.6778666666666666,-0.49893333333333334,0.08213333333333334,4630
-1.6770666666666667,-0.4992,0.0824,4636
-1.6770666666666667,-0.4997333333333333,0.08346666666666666,4642
-1.6770666666666667,-0.49893333333333334,0.08346666666666666,4649
-1.6770666666666667,-0.49946666666666667,0.08453333333333334,4654
-1.6765333333333334,-0.5,0.08373333333333334,4662
-1.6778666666666666,-0.5002666666666666,0.0872,4668
-1.6776,-0.5013333333333333,0.08693333333333333,4671
-1.6786666666666668,-0.5010666666666667,0.08746666666666666,4678
-1.6794666666666667,-0.5,0.08693333333333333,4688
-1.6794666666666667,-0.5008,0.0856,4689
-1.6797333333333333,-0.5002666666666666,0.08133333333333333,4697
-1.6802666666666666,-0.5002666666666666,0.07973333333333334,4701
-1.6794666666666667,-0.5002666666666666,0.0808,4706
-1.6797333333333333,-0.4992,0.08293333333333333,4713
-1.68,-0.5,0.08133333333333333,4722
-1.6794666666666667,-0.5013333333333333,0.08,4727
-1.6797333333333333,-0.5010666666666667,0.08266666666666667,4732
-1.6792,-0.5018666666666667,0.08453333333333334,4737
-1.6792,-0.5010666666666667,0.0856,4743
-1.6792,-0.5016,0.08426666666666667,4749
-1.6792,-0.5021333333333333,0.0832,4753
-1.6784,-0.5018666666666667,0.0864,4759
-1.6784,-0.5016,0.08293333333333333,4765
-1.6786666666666668,-0.5024,0.0832,4771
-1.6794666666666667,-0.5021333333333333,0.0832,4777
-1.6792,-0.5016,0.0832,4782
-1.68,-0.5013333333333333,0.08213333333333334,4788
-1.6797333333333333,-0.5008,0.0832,4799
-1.6805333333333334,-0.5005333333333334,0.0824,4802
-1.6808,-0.5008,0.0824,4809
-1.68,-0.4997333333333333,0.08453333333333334,4813
-1.6802666666666666,-0.4992,0.0832,4818
-1.6805333333333334,-0.5,0.0808,4824
-1.6797333333333333,-0.49893333333333334,0.08053333333333333,4829
-1.6789333333333334,-0.5,0.08213333333333334,4834
-1.6797333333333333,-0.4992,0.08293333333333333,4844
-1.6802666666666666,-0.49893333333333334,0.08293333333333333,4846
-1.6810666666666667,-0.4992,0.08133333333333333,4853
-1.68,-0.49893333333333334,0.08293333333333333,4858
-1.6810666666666667,-0.49946666666666667,0.08266666666666667,4863
-1.6808,-0.4997333333333333,0.08186666666666667,4875
-1.6810666666666667,-0.4984,0.08026666666666667,4876
-1.6810666666666667,-0.4984,0.07866666666666666,4881
-1.6816,-0.4978666666666667,0.07866666666666666,4887
-1.6810666666666667,-0.49706666666666666,0.07893333333333333,4896
-1.6808,-0.496,0.08053333333333333,4900
-1.6816,-0.4962666666666667,0.08133333333333333,4906
-1.6810666666666667,-0.4968,0.08213333333333334,4911
-1.6810666666666667,-0.49733333333333335,0.08293333333333333,4917
-1.6802666666666666,-0.4978666666666667,0.08293333333333333,4924
-1.6794666666666667,-0.49866666666666665,0.08533333333333333,4929
-1.6805333333333334,-0.5,0.08613333333333334,4934
-1.6810666666666667,-0.5,0.08453333333333334,4940
-1.68,-0.5002666666666666,0.08613333333333334,4949
-1.6802666666666666,-0.49946666666666667,0.08666666666666667,4955
-1.6805333333333334,-0.49866666666666665,0.0864,4960
-1.6829333333333334,-0.4997333333333333,0.0832,4964
-1.6821333333333333,-0.49946666666666667,0.08346666666666666,4974
-1.6826666666666668,-0.4992,0.0816,4975
-1.6824,-0.49893333333333334,0.08293333333333333,4982
-1.6816,-0.49946666666666667,0.0808,4986
-1.6813333333333333,-0.4992,0.07893333333333333,4993
-1.6813333333333333,-0.4992,0.08106666666666666,4999
-1.6816,-0.4978666666666667,0.0824,5004
-1.6818666666666666,-0.4976,0.08133333333333333,5010
-1.6813333333333333,-0.4976,0.0824,5016
-1.6813333333333333,-0.4978666666666667,0.08213333333333334,5022
-1.6829333333333334,-0.4968,0.08133333333333333,5031
-1.6834666666666667,-0.4968,0.08106666666666666,5034
-1.6834666666666667,-0.4962666666666667,0.0808,5039
-1.684,-0.49706666666666666,0.07946666666666667,5045
-1.6834666666666667,-0.49706666666666666,0.07893333333333333,5055
-1.6829333333333334,-0.49733333333333335,0.07653333333333333,5057
-1.6826666666666668,-0.49866666666666665,0.07493333333333334,5064
-1.6824,-0.4992,0.0768,5069
-1.6818666666666666,-0.4997333333333333,0.07653333333333333,5074
-1.6808,-0.5,0.07653333333333333,5081
-1.68,-0.5005333333333334,0.07493333333333334,5085
-1.6797333333333333,-0.5016,0.07493333333333334,5091
-1.6797333333333333,-0.5008,0.07466666666666667,5097
-1.6808,-0.5002666666666666,0.07706666666666667,5104
-1.6810666666666667,-0.5005333333333334,0.07573333333333333,5110
-1.6810666666666667,-0.5010666666666667,0.07653333333333333,5115
-1.6818666666666666,-0.5016,0.07546666666666667,5125
-1.6821333333333333,-0.5010666666666667,0.07813333333333333,5126
-1.6829333333333334,-0.4997333333333333,0.08053333333333333,5132
-1.6834666666666667,-0.4997333333333333,0.08186666666666667,5141
-1.6837333333333333,-0.5008,0.08026666666666667,5147
-1.6826666666666668,-0.49946666666666667,0.07893333333333333,5151
-1.6832,-0.4984,0.0784,5156
-1.684,-0.4984,0.07546666666666667,5162
-1.6837333333333333,-0.49866666666666665,0.076,5167
-1.6850666666666667,-0.4992,0.07706666666666667,5179
-1.6848,-0.49946666666666667,0.07733333333333334,5179
-1.6842666666666666,-0.49946666666666667,0.07866666666666666,5186
-1.6856,-0.49946666666666667,0.0808,5191
-1.6850666666666667,-0.5008,0.07866666666666666,5202
-1.6845333333333334,-0.5005333333333334,0.08,5203
-1.6850666666666667,-0.5002666666666666,0.07973333333333334,5209
-1.6848,-0.49946666666666667,0.0784,5215
-1.684,-0.5,0.08,5223
-1.6824,-0.5,0.07946666666666667,5228
-1.6816,-0.5,0.08,5232
-1.6813333333333333,-0.5002666666666666,0.0808,5238
-1.6816,-0.5,0.08293333333333333,5244
-1.6810666666666667,-0.5,0.08453333333333334,5250
-1.6802666666666666,-0.5008,0.0832,5256
-1.6802666666666666,-0.5002666666666666,0.084,5262
-1.6821333333333333,-0.5010666666666667,0.0856,5266
-1.6821333333333333,-0.5005333333333334,0.0856,5277
-1.6821333333333333,-0.5008,0.08586666666666666,5278
-1.6816,-0.5024,0.08266666666666667,5285
-1.6813333333333333,-0.5024,0.0824,5290
-1.6829333333333334,-0.5016,0.08026666666666667,5297
-1.6826666666666668,-0.5018666666666667,0.07946666666666667,5303
-1.6832,-0.5018666666666667,0.08053333333333333,5308
-1.6834666666666667,-0.5026666666666667,0.07973333333333334,5313
-1.6829333333333334,-0.5026666666666667,0.0776,5319
-1.6829333333333334,-0.5018666666666667,0.08,5330
-1.6845333333333334,-0.5005333333333334,0.07973333333333334,5331
-1.6821333333333333,-0.5010666666666667,0.08133333333333333,5337
-1.6816,-0.5010666666666667,0.0808,5343
-1.6810666666666667,-0.5002666666666666,0.08026666666666667,5352
-1.6805333333333334,-0.5002666666666666,0.08053333333333333,5358
-1.6808,-0.5002666666666666,0.0832,5362
-1.6808,-0.5018666666666667,0.08133333333333333,5367
-1.6808,-0.5016,0.07893333333333333,5374
-1.6821333333333333,-0.5018666666666667,0.0784,5378
-1.6829333333333334,-0.5026666666666667,0.08,5386
-1.6832,-0.5029333333333333,0.07973333333333334,5389
-1.6832,-0.5018666666666667,0.07893333333333333,5395
-1.6826666666666668,-0.5021333333333333,0.07973333333333334,5402
-1.6837333333333333,-0.5018666666666667,0.07946666666666667,5408
-1.6824,-0.5024,0.07946666666666667,5413
-1.6832,-0.5024,0.08,5419
-1.6818666666666666,-0.5013333333333333,0.07946666666666667,5425
-1.6832,-0.5008,0.0776,5432
-1.6837333333333333,-0.5005333333333334,0.0808,5438
-1.6842666666666666,-0.5002666666666666,0.084,5442
-1.6842666666666666,-0.5,0.0864,5452
-1.684,-0.4992,0.088,5454
-1.6837333333333333,-0.49866666666666665,0.088,5460
-1.6845333333333334,-0.49946666666666667,0.09066666666666667,5466
-1.6837333333333333,-0.4997333333333333,0.08933333333333333,5471
-1.6826666666666668,-0.4997333333333333,0.08666666666666667,5478
-1.6826666666666668,-0.49946666666666667,0.08613333333333334,5486
-1.6818666666666666,-0.5,0.08613333333333334,5491
-1.6808,-0.5008,0.084,5496
-1.68,-0.5016,0.0856,5501
-1.6805333333333334,-0.5005333333333334,0.0824,5507
-1.6802666666666666,-0.4997333333333333,0.08506666666666667,5513
-1.6810666666666667,-0.5,0.08426666666666667,5518
-1.6805333333333334,-0.5,0.08293333333333333,5526
-1.6826666666666668,-0.49946666666666667,0.0816,5531
-1.6837333333333333,-0.4992,0.0832,5537
-1.6834666666666667,-0.4997333333333333,0.0832,5541
-1.6824,-0.5,0.08346666666666666,5546
-1.6832,-0.5013333333333333,0.0832,5552
-1.6834666666666667,-0.5018666666666667,0.08266666666666667,5561
-1.6829333333333334,-0.5024,0.08133333333333333,5566
-1.6826666666666668,-0.5018666666666667,0.08213333333333334,5572
-1.6818666666666666,-0.5010666666666667,0.0824,5577
-1.6816,-0.5008,0.07973333333333334,5584
-1.6824,-0.5010666666666667,0.0808,5591
-1.6824,-0.5013333333333333,0.07866666666666666,5594
-1.6824,-0.5018666666666667,0.0792,5600
-1.6832,-0.5021333333333333,0.0816,5606
-1.6832,-0.5026666666666667,0.0816,5612
-1.6829333333333334,-0.5034666666666666,0.08106666666666666,5617
-1.6842666666666666,-0.5032,0.08053333333333333,5623
-1.6829333333333334,-0.5016,0.08106666666666666,5631
-1.6832,-0.5018666666666667,0.0816,5638
-1.6832,-0.5021333333333333,0.08426666666666667,5641
-1.6832,-0.5008,0.0832,5646
-1.6837333333333333,-0.5010666666666667,0.0848,5654
-1.6837333333333333,-0.5,0.08453333333333334,5660
-1.6837333333333333,-0.5005333333333334,0.08533333333333333,5665
-1.6837333333333333,-0.5010666666666667,0.0864,5670
-1.6832,-0.5008,0.08746666666666666,5679
-1.684,-0.4997333333333333,0.08586666666666666,5681
-1.6845333333333334,-0.4997333333333333,0.08293333333333333,5687
-1.6845333333333334,-0.4984,0.0824,5695
-1.684,-0.4984,0.0816,5698
-1.6829333333333334,-0.4984,0.08053333333333333,5709
-1.6824,-0.49706666666666666,0.08,5710
-1.6832,-0.4968,0.0792,5718
-1.6821333333333333,-0.4978666666666667,0.07813333333333333,5722
-1.6805333333333334,-0.4976,0.0784,5729
-1.6805333333333334,-0.49893333333333334,0.07546666666666667,5735
-1.6792,-0.4992,0.07466666666666667,5740
-1.68,-0.4997333333333333,0.0768,5751
-1.6805333333333334,-0.5008,0.076,5752
-1.6794666666666667,-0.5005333333333334,0.076,5757
-1.6802666666666666,-0.5008,0.0744,5763
-1.6802666666666666,-0.49946666666666667,0.07813333333333333,5769
-1.68,-0.49893333333333334,0.0808,5775
-1.6818666666666666,-0.49946666666666667,0.0816,5782
-1.6816,-0.4997333333333333,0.08,5789
-1.6810666666666667,-0.4997333333333333,0.0808,5793
-1.6824,-0.49946666666666667,0.08213333333333334,5798
-1.6821333333333333,-0.5005333333333334,0.0824,5805
-1.6832,-0.5018666666666667,0.08133333333333333,5812
-1.6837333333333333,-0.5026666666666667,0.0776,5816
-1.6832,-0.5029333333333333,0.0784,5822
-1.6837333333333333,-0.5026666666666667,0.0768,5828
-1.6848,-0.5026666666666667,0.07493333333333334,5833
-1.6845333333333334,-0.5029333333333333,0.0768,5841
-1.6848,-0.5018666666666667,0.07733333333333334,5845
-1.6850666666666667,-0.5005333333333334,0.07653333333333333,5851
-1.6850666666666667,-0.5,0.07866666666666666,5860
-1.684,-0.49893333333333334,0.08133333333333333,5862
-1.684,-0.4997333333333333,0.0816,5868
-1.6842666666666666,-0.49946666666666667,0.08293333333333333,5874
-1.6845333333333334,-0.5,0.0808,5883
-1.6829333333333334,-0.5008,0.08186666666666667,5887
-1.6821333333333333,-0.5021333333333333,0.08106666666666666,5892
-1.6829333333333334,-0.5024,0.0792,5897
-1.6832,-0.5021333333333333,0.0784,5903
-1.6826666666666668,-0.5016,0.07786666666666667,5909
-1.6816,-0.5018666666666667,0.08053333333333333,5915
-1.6818666666666666,-0.5010666666666667,0.08026666666666667,5921
-1.6832,-0.5,0.08053333333333333,5926
-1.6829333333333334,-0.49946666666666667,0.08293333333333333,5933
-1.6829333333333334,-0.4997333333333333,0.08426666666666667,5939
-1.6829333333333334,-0.4992,0.08506666666666667,5944
-1.6818666666666666,-0.49946666666666667,0.0856,5953
-1.6826666666666668,-0.4992,0.0816,5958
-1.6810666666666667,-0.5013333333333333,0.0824,5962
-1.6821333333333333,-0.5005333333333334,0.08106666666666666,5968
-1.6813333333333333,-0.5008,0.0808,5974
-1.6808,-0.5005333333333334,0.0816,5979
-1.6808,-0.5013333333333333,0.08346666666666666,5985
-1.6818666666666666,-0.5013333333333333,0.08453333333333334,5990
-1.6821333333333333,-0.5,0.08213333333333334,5998
-1.6829333333333334,-0.4997333333333333,0.08426666666666667,6005
-1.6824,-0.5010666666666667,0.0824,6008
-1.6832,-0.5016,0.08,6014
-1.6834666666666667,-0.5016,0.0784,6020
-1.6821333333333333,-0.5016,0.076,6029
-1.6821333333333333,-0.5013333333333333,0.07386666666666666,6035
-1.6824,-0.5016,0.07653333333333333,6038
-1.6816,-0.5018666666666667,0.07546666666666667,6043
-1.6810666666666667,-0.5008,0.07813333333333333,6049
-1.6813333333333333,-0.5010666666666667,0.0784,6056
-1.6816,-0.5018666666666667,0.07786666666666667,6061
-1.6829333333333334,-0.5010666666666667,0.07786666666666667,6066
-1.6837333333333333,-0.5018666666666667,0.07893333333333333,6073
-1.6837333333333333,-0.5024,0.0776,6080
-1.6837333333333333,-0.5024,0.0792,6085
-1.6848,-0.5021333333333333,0.0784,6090
-1.6845333333333334,-0.5002666666666666,0.08186666666666667,6099
-1.6837333333333333,-0.5016,0.08106666666666666,6104
-1.6837333333333333,-0.5010666666666667,0.0808,6108
-1.6837333333333333,-0.5013333333333333,0.0808,6117
-1.6834666666666667,-0.5013333333333333,0.08133333333333333,6121
-1.684,-0.5008,0.07946666666666667,6127
-1.6850666666666667,-0.5013333333333333,0.076,6131
-1.6853333333333333,-0.5016,0.076,6137
-1.6856,-0.5002666666666666,0.0768,6142
-1.684,-0.5005333333333334,0.07813333333333333,6151
-1.6848,-0.5005333333333334,0.07653333333333333,6157
-1.6864,-0.49946666666666667,0.07866666666666666,6161
-1.6853333333333333,-0.49866666666666665,0.07786666666666667,6166
-1.6842666666666666,-0.5,0.07706666666666667,6173
-1.6842666666666666,-0.4997333333333333,0.07733333333333334,6178
-1.6845333333333334,-0.4997333333333333,0.0792,6183
-1.6850666666666667,-0.49866666666666665,0.07733333333333334,6193
-1.684,-0.49946666666666667,0.07466666666666667,6195
-1.6850666666666667,-0.4997333333333333,0.07706666666666667,6201
-1.6848,-0.5016,0.07866666666666666,6206
-1.6850666666666667,-0.5010666666666667,0.0816,6212
-1.6848,-0.5016,0.07973333333333334,6218
-1.6845333333333334,-0.5016,0.0784,6228
-1.6864,-0.5013333333333333,0.07813333333333333,6230
-1.6869333333333334,-0.5005333333333334,0.0784,6236
-1.6861333333333333,-0.5005333333333334,0.07813333333333333,6241
-1.6853333333333333,-0.5,0.07893333333333333,6250
-1.6853333333333333,-0.5008,0.07706666666666667,6256
-1.6845333333333334,-0.5008,0.076,6259
-1.684,-0.5013333333333333,0.07866666666666666,6270
-1.6826666666666668,-0.5016,0.07893333333333333,6271
-1.6821333333333333,-0.5026666666666667,0.08026666666666667,6276
-1.6813333333333333,-0.5018666666666667,0.08026666666666667,6283
-1.6813333333333333,-0.5018666666666667,0.0792,6289
-1.6818666666666666,-0.5016,0.08186666666666667,6299
-1.6818666666666666,-0.5010666666666667,0.0824,6301
-1.6829333333333334,-0.5016,0.07946666666666667,6306
-1.6845333333333334,-0.5021333333333333,0.07866666666666666,6312
-1.6848,-0.5018666666666667,0.0792,6320
-1.6861333333333333,-0.5013333333333333,0.0824,6325
-1.6888,-0.5016,0.0816,6330
-1.6888,-0.5013333333333333,0.0824,6339
-1.6882666666666666,-0.5016,0.08186666666666667,6343
-1.6858666666666666,-0.5013333333333333,0.08213333333333334,6348
-1.6853333333333333,-0.5008,0.0848,6353
-1.6850666666666667,-0.5002666666666666,0.0824,6358
-1.6848,-0.5008,0.08,6364
-1.6842666666666666,-0.5013333333333333,0.0792,6371
-1.6848,-0.5010666666666667,0.07973333333333334,6379
-1.6850666666666667,-0.5,0.08266666666666667,6383
-1.6872,-0.5008,0.08346666666666666,6388
-1.6856,-0.5005333333333334,0.08133333333333333,6395
-1.6858666666666666,-0.5002666666666666,0.0824,6402
-1.6845333333333334,-0.5005333333333334,0.08133333333333333,6406
-1.6842666666666666,-0.4997333333333333,0.08453333333333334,6417
-1.6829333333333334,-0.5,0.08373333333333334,6417
-1.684,-0.5010666666666667,0.08133333333333333,6424
-1.6842666666666666,-0.5002666666666666,0.08266666666666667,6429
-1.6856,-0.49946666666666667,0.08293333333333333,6435
-1.6861333333333333,-0.4992,0.08373333333333334,6442
-1.6872,-0.5,0.08426666666666667,6449
-1.6866666666666668,-0.5002666666666666,0.0816,6456
-1.6872,-0.49946666666666667,0.08453333333333334,6460
-1.6861333333333333,-0.4997333333333333,0.08346666666666666,6464
-1.6874666666666667,-0.49893333333333334,0.08506666666666667,6471
-1.6866666666666668,-0.49893333333333334,0.08613333333333334,6476
-1.6866666666666668,-0.4997333333333333,0.08453333333333334,6481
-1.6866666666666668,-0.4992,0.08293333333333333,6489
-1.6858666666666666,-0.4997333333333333,0.084,6493
-1.6858666666666666,-0.5018666666666667,0.08266666666666667,6498
-1.6853333333333333,-0.5021333333333333,0.08186666666666667,6504
-1.684,-0.5026666666666667,0.08186666666666667,6511
-1.6829333333333334,-0.5026666666666667,0.0832,6519
-1.6832,-0.5026666666666667,0.084,6525
-1.6826666666666668,-0.5024,0.0848,6529
-1.684,-0.4997333333333333,0.08453333333333334,6534
-1.6837333333333333,-0.5005333333333334,0.08666666666666667,6540
-1.6842666666666666,-0.49946666666666667,0.0888,6545
-1.6842666666666666,-0.5002666666666666,0.0888,6551
-1.6853333333333333,-0.5010666666666667,0.0872,6560
-1.6832,-0.5002666666666666,0.08613333333333334,6564
-1.684,-0.5002666666666666,0.0872,6570
-1.6842666666666666,-0.5005333333333334,0.08373333333333334,6575
-1.6845333333333334,-0.5002666666666666,0.08186666666666667,6580
-1.6842666666666666,-0.5010666666666667,0.08106666666666666,6586
-1.684,-0.5002666666666666,0.0808,6594
-1.6850666666666667,-0.49946666666666667,0.08213333333333334,6601
-1.6861333333333333,-0.49866666666666665,0.08266666666666667,6603
-1.6866666666666668,-0.49893333333333334,0.08026666666666667,6610
-1.6848,-0.4992,0.0824,6617
-1.6858666666666666,-0.4992,0.08213333333333334,6625
-1.6850666666666667,-0.4981333333333333,0.08293333333333333,6628
-1.6861333333333333,-0.49866666666666665,0.08346666666666666,6633
-1.6856,-0.4992,0.0832,6639
-1.6853333333333333,-0.5,0.0848,6646
-1.6837333333333333,-0.5008,0.084,6650
-1.6850666666666667,-0.5008,0.0824,6656
-1.6850666666666667,-0.5005333333333334,0.08293333333333333,6663
-1.6848,-0.5013333333333333,0.084,6670
-1.6853333333333333,-0.5013333333333333,0.08266666666666667,6676
-1.6858666666666666,-0.5005333333333334,0.08266666666666667,6680
-1.6861333333333333,-0.5002666666666666,0.08,6686
-1.6858666666666666,-0.49946666666666667,0.08026666666666667,6692
-1.6853333333333333,-0.5,0.07706666666666667,6699
-1.6850666666666667,-0.5,0.07733333333333334,6703
-1.6848,-0.4992,0.07733333333333334,6709
-1.6837333333333333,-0.49866666666666665,0.08053333333333333,6715
-1.6829333333333334,-0.49946666666666667,0.08053333333333333,6721
-1.6826666666666668,-0.5002666666666666,0.08266666666666667,6727
-1.6834666666666667,-0.49946666666666667,0.0864,6739
-1.6834666666666667,-0.4992,0.0896,6739
-1.6834666666666667,-0.5,0.08826666666666666,6744
-1.6829333333333334,-0.5005333333333334,0.08826666666666666,6749
-1.6837333333333333,-0.49946666666666667,0.0856,6755
-1.6837333333333333,-0.49893333333333334,0.0848,6761
-1.6853333333333333,-0.5,0.084,6767
-1.6829333333333334,-0.5008,0.0824,6773
-1.684,-0.5005333333333334,0.08106666666666666,6783
-1.6850666666666667,-0.4997333333333333,0.08026666666666667,6785
-1.684,-0.5,0.07973333333333334,6792
-1.6856,-0.5018666666666667,0.07866666666666666,6796
-1.6856,-0.5016,0.07946666666666667,6802
-1.6861333333333333,-0.5010666666666667,0.08,6814
-1.688,-0.5,0.08293333333333333,6815
-1.6869333333333334,-0.5008,0.08213333333333334,6821
-1.6869333333333334,-0.5008,0.08293333333333333,6827
-1.6877333333333333,-0.5008,0.08053333333333333,6838
-1.6866666666666668,-0.5005333333333334,0.0832,6838
-1.6861333333333333,-0.5002666666666666,0.08346666666666666,6845
-1.6853333333333333,-0.5002666666666666,0.08373333333333334,6849
-1.6850666666666667,-0.5005333333333334,0.08026666666666667,6855
-1.6845333333333334,-0.4997333333333333,0.08186666666666667,6862
-1.6834666666666667,-0.5005333333333334,0.0856,6867
-1.6832,-0.4992,0.0864,6873
-1.6829333333333334,-0.49893333333333334,0.08693333333333333,6878
-1.6829333333333334,-0.5,0.08613333333333334,6883
-1.6834666666666667,-0.5002666666666666,0.08586666666666666,6893
-1.684,-0.5018666666666667,0.084,6898
-1.6848,-0.5034666666666666,0.08133333333333333,6902
-1.6848,-0.504,0.07973333333333334,6907
-1.684,-0.5045333333333333,0.07893333333333333,6913
-1.6850666666666667,-0.5050666666666667,0.08053333333333333,6919
-1.6842666666666666,-0.5045333333333333,0.08,6924
-1.6842666666666666,-0.5016,0.07813333333333333,6933
-1.6837333333333333,-0.5021333333333333,0.08106666666666666,6938
-1.6842666666666666,-0.5002666666666666,0.0824,6943
-1.6845333333333334,-0.5002666666666666,0.08533333333333333,6948
-1.6856,-0.5002666666666666,0.0864,6954
-1.6845333333333334,-0.4984,0.08373333333333334,6962
-1.6861333333333333,-0.49946666666666667,0.08373333333333334,6969
-1.6856,-0.5005333333333334,0.08666666666666667,6973
-1.6861333333333333,-0.5005333333333334,0.08346666666666666,6978
-1.6856,-0.5010666666666667,0.084,6985
-1.6853333333333333,-0.4997333333333333,0.08186666666666667,6991
-1.6853333333333333,-0.5002666666666666,0.08186666666666667,6995
-1.6853333333333333,-0.49946666666666667,0.084,7001
-1.6861333333333333,-0.49866666666666665,0.08346666666666666,7009
-1.6853333333333333,-0.49893333333333334,0.0832,7013
-1.6853333333333333,-0.4984,0.08266666666666667,7019
-1.6850666666666667,-0.49866666666666665,0.08186666666666667,7025
-1.6872,-0.5,0.07653333333333333,7030
-1.6864,-0.5005333333333334,0.07866666666666666,7042
-1.6856,-0.5018666666666667,0.0784,7043
-1.6856,-0.5021333333333333,0.0792,7049
-1.6861333333333333,-0.5016,0.08053333333333333,7055
-1.6864,-0.5021333333333333,0.0808,7065
-1.6864,-0.5018666666666667,0.08266666666666667,7065
-1.6856,-0.5008,0.0856,7071
-1.6853333333333333,-0.5005333333333334,0.08453333333333334,7076
-1.6853333333333333,-0.4997333333333333,0.08453333333333334,7087
-1.6848,-0.5008,0.084,7090
-1.6842666666666666,-0.5008,0.0816,7095
-1.6848,-0.5013333333333333,0.08613333333333334,7101
-1.6845333333333334,-0.5008,0.0856,7106
-1.6837333333333333,-0.5018666666666667,0.08266666666666667,7117
-1.6837333333333333,-0.5024,0.08213333333333334,7118
-1.684,-0.5032,0.08,7123
-1.684,-0.5029333333333333,0.08106666666666666,7129
-1.6845333333333334,-0.5024,0.0792,7136
-1.6845333333333334,-0.5018666666666667,0.07946666666666667,7142
-1.684,-0.5021333333333333,0.08213333333333334,7146
-1.6842666666666666,-0.5016,0.0832,7155
-1.6853333333333333,-0.5013333333333333,0.08426666666666667,7158
-1.6866666666666668,-0.5002666666666666,0.0856,7165
-1.6872,-0.5002666666666666,0.084,7170
-1.6869333333333334,-0.5016,0.08293333333333333,7175
-1.6864,-0.5026666666666667,0.08266666666666667,7182
-1.6877333333333333,-0.5029333333333333,0.08106666666666666,7188
-1.688,-0.5029333333333333,0.0816,7194
-1.6864,-0.5021333333333333,0.08266666666666667,7199
-1.6856,-0.5021333333333333,0.0816,7205
-1.6856,-0.5010666666666667,0.08266666666666667,7211
-1.6856,-0.4997333333333333,0.08453333333333334,7217
-1.6848,-0.4984,0.08586666666666666,7223
-1.6842666666666666,-0.4976,0.088,7229
-1.6834666666666667,-0.4984,0.08773333333333333,7235
-1.6845333333333334,-0.4984,0.088,7240
-1.6850666666666667,-0.4984,0.08746666666666666,7246
-1.6853333333333333,-0.4992,0.0856,7252
-1.6848,-0.4997333333333333,0.0832,7258
-1.6845333333333334,-0.5,0.07893333333333333,7264
-1.6842666666666666,-0.5002666666666666,0.07866666666666666,7270
-1.6850666666666667,-0.5005333333333334,0.07866666666666666,7276
-1.6842666666666666,-0.5005333333333334,0.08133333333333333,7281
-1.6850666666666667,-0.5,0.0816,7287
-1.6834666666666667,-0.5,0.08213333333333334,7293
-1.6845333333333334,-0.4992,0.08453333333333334,7299
-1.6837333333333333,-0.4992,0.08213333333333334,7305
-1.6845333333333334,-0.5,0.08213333333333334,7311
-1.6837333333333333,-0.5002666666666666,0.08213333333333334,7317
-1.684,-0.5013333333333333,0.07706666666666667,7322
-1.6826666666666668,-0.5018666666666667,0.0784,7328
-1.6832,-0.5018666666666667,0.07946666666666667,7334
-1.6834666666666667,-0.5024,0.0768,7340
-1.6848,-0.5024,0.0792,7346
-1.6848,-0.5026666666666667,0.07973333333333334,7351
-1.684,-0.5029333333333333,0.07973333333333334,7357
-1.6848,-0.5018666666666667,0.08026666666666667,7363
-1.6850666666666667,-0.5021333333333333,0.08026666666666667,7369
-1.6856,-0.5018666666666667,0.08053333333333333,7375
-1.6850666666666667,-0.5010666666666667,0.0792,7380
-1.6845333333333334,-0.5013333333333333,0.0768,7386
-1.684,-0.5008,0.07653333333333333,7392
-1.6848,-0.4997333333333333,0.07866666666666666,7398
-1.6850666666666667,-0.4997333333333333,0.07813333333333333,7404
-1.6845333333333334,-0.4997333333333333,0.0776,7409
-1.684,-0.5005333333333334,0.07626666666666666,7416
-1.6834666666666667,-0.5008,0.07866666666666666,7421
-1.6834666666666667,-0.5013333333333333,0.07893333333333333,7427
-1.6816,-0.5013333333333333,0.0792,7433
-1.6821333333333333,-0.5018666666666667,0.0808,7439
-1.6824,-0.5021333333333333,0.0808,7445
-1.6826666666666668,-0.5018666666666667,0.08186666666666667,7450
-1.6826666666666668,-0.5016,0.08133333333333333,7456
-1.6829333333333334,-0.5021333333333333,0.08346666666666666,7462
-1.684,-0.5021333333333333,0.08586666666666666,7468
-1.6845333333333334,-0.5013333333333333,0.08533333333333333,7473
-1.6842666666666666,-0.5024,0.08266666666666667,7480
-1.684,-0.5026666666666667,0.08266666666666667,7485
-1.6842666666666666,-0.5024,0.08053333333333333,7491
-1.6845333333333334,-0.5010666666666667,0.08,7497
-1.684,-0.4997333333333333,0.08186666666666667,7503
-1.6837333333333333,-0.5002666666666666,0.08,7508
-1.6832,-0.5008,0.0832,7514
-1.6848,-0.4992,0.08266666666666667,7520
-1.6853333333333333,-0.4981333333333333,0.0832,7526
-1.6850666666666667,-0.49893333333333334,0.08693333333333333,7532
-1.6850666666666667,-0.4992,0.0864,7538
-1.6858666666666666,-0.5002666666666666,0.0856,7544
-1.6858666666666666,-0.4997333333333333,0.0872,7550
-1.6869333333333334,-0.4997333333333333,0.084,7555
-1.6866666666666668,-0.5002666666666666,0.0832,7561
-1.6866666666666668,-0.5002666666666666,0.08453333333333334,7567
-1.6866666666666668,-0.49946666666666667,0.08426666666666667,7573
-1.6869333333333334,-0.4992,0.084,7579
-1.6869333333333334,-0.49946666666666667,0.08213333333333334,7584
-1.6869333333333334,-0.49893333333333334,0.08186666666666667,7590
-1.6864,-0.49946666666666667,0.0792,7596
-1.6858666666666666,-0.4992,0.08,7602
-1.6861333333333333,-0.49893333333333334,0.08,7608
-1.6869333333333334,-0.5,0.08026666666666667,7614
-1.6869333333333334,-0.5010666666666667,0.07866666666666666,7619
-1.6853333333333333,-0.5005333333333334,0.07946666666666667,7625
-1.6872,-0.5010666666666667,0.0784,7631
-1.6877333333333333,-0.5008,0.07893333333333333,7637
-1.6872,-0.5005333333333334,0.07973333333333334,7643
-1.6845333333333334,-0.5010666666666667,0.07893333333333333,7648
-1.6842666666666666,-0.5,0.0784,7654
-1.6858666666666666,-0.49946666666666667,0.0816,7661
-1.6853333333333333,-0.49946666666666667,0.08613333333333334,7666
-1.6853333333333333,-0.4997333333333333,0.08853333333333334,7672
-1.6848,-0.5,0.08933333333333333,7678
-1.6858666666666666,-0.5005333333333334,0.08933333333333333,7683
-1.688,-0.5002666666666666,0.08826666666666666,7689
-1.6885333333333334,-0.4997333333333333,0.08906666666666667,7695
-1.6888,-0.4997333333333333,0.08933333333333333,7701
-1.6877333333333333,-0.49946666666666667,0.08746666666666666,7707
-1.6885333333333334,-0.49893333333333334,0.0848,7713
-1.688,-0.4997333333333333,0.08266666666666667,7719
-1.6866666666666668,-0.4992,0.08106666666666666,7724
-1.6869333333333334,-0.4992,0.07946666666666667,7730
-1.6861333333333333,-0.5002666666666666,0.07733333333333334,7737
-1.6861333333333333,-0.5010666666666667,0.07626666666666666,7742
-1.6874666666666667,-0.5008,0.07493333333333334,7748
-1.6872,-0.5010666666666667,0.076,7754
-1.6877333333333333,-0.5,0.076,7760
-1.6874666666666667,-0.5,0.07893333333333333,7765
-1.6866666666666668,-0.5005333333333334,0.08,7771
-1.6866666666666668,-0.5002666666666666,0.08026666666666667,7777
-1.6861333333333333,-0.49946666666666667,0.0816,7783
-1.6856,-0.5,0.08373333333333334,7789
-1.684,-0.5013333333333333,0.0832,7795
-1.6837333333333333,-0.5018666666666667,0.0824,7801
-1.6848,-0.5018666666666667,0.0816,7807
-1.6848,-0.5016,0.0808,7813
-1.6848,-0.5016,0.0792,7818
-1.6848,-0.5016,0.07866666666666666,7824
-1.6861333333333333,-0.5005333333333334,0.07546666666666667,7830
-1.6861333333333333,-0.5002666666666666,0.07626666666666666,7836
-1.6872,-0.5,0.0784,7842
-1.6861333333333333,-0.5002666666666666,0.07893333333333333,7848
-1.6861333333333333,-0.5,0.07946666666666667,7853
-1.6872,-0.49893333333333334,0.08426666666666667,7859
-1.6864,-0.4997333333333333,0.08613333333333334,7865
-1.6877333333333333,-0.5,0.08826666666666666,7871
-1.6885333333333334,-0.4997333333333333,0.08986666666666666,7877
-1.6869333333333334,-0.49946666666666667,0.09066666666666667,7882
-1.6882666666666666,-0.4992,0.08853333333333334,7888
-1.6885333333333334,-0.4997333333333333,0.08613333333333334,7894
-1.6885333333333334,-0.49946666666666667,0.08586666666666666,7900
-1.6888,-0.4992,0.0872,7906
-1.6890666666666667,-0.4976,0.08826666666666666,7911
-1.6885333333333334,-0.49733333333333335,0.0896,7917
-1.6896,-0.49733333333333335,0.08853333333333334,7923
-1.6893333333333334,-0.4962666666666667,0.0912,7929
-1.6896,-0.4962666666666667,0.08986666666666666,7935
-1.6896,-0.496,0.08906666666666667,7941
-1.6896,-0.4962666666666667,0.08666666666666667,7946
-1.688,-0.49866666666666665,0.0832,7952
-1.6882666666666666,-0.4984,0.08026666666666667,7958
-1.6885333333333334,-0.5002666666666666,0.0824,7964
-1.6872,-0.5005333333333334,0.08053333333333333,7970
-1.6872,-0.5008,0.07946666666666667,7976
-1.6874666666666667,-0.5010666666666667,0.07866666666666666,7982
-1.6885333333333334,-0.5024,0.07706666666666667,7988
-1.688,-0.5010666666666667,0.0808,7994
-1.6872,-0.5008,0.08053333333333333,7999
-1.6858666666666666,-0.5008,0.08026666666666667,8005
-1.6864,-0.5005333333333334,0.07813333333333333,8011
-1.6866666666666668,-0.5002666666666666,0.0784,8017
-1.6850666666666667,-0.5008,0.08186666666666667,8023
-1.6861333333333333,-0.49893333333333334,0.0824,8029
-1.6856,-0.49946666666666667,0.07946666666666667,8034
-1.6866666666666668,-0.4992,0.08106666666666666,8040
-1.6866666666666668,-0.4997333333333333,0.0808,8046
-1.6864,-0.5005333333333334,0.08266666666666667,8052
-1.6850666666666667,-0.4997333333333333,0.0832,8058
-1.6850666666666667,-0.5013333333333333,0.08453333333333334,8064
-1.6848,-0.5013333333333333,0.08506666666666667,8070
-1.6858666666666666,-0.5018666666666667,0.08693333333333333,8075
-1.6858666666666666,-0.5018666666666667,0.08746666666666666,8081
-1.6869333333333334,-0.5018666666666667,0.08586666666666666,8087
-1.6885333333333334,-0.5024,0.08346666666666666,8092
-1.688,-0.5005333333333334,0.08293333333333333,8098
-1.6890666666666667,-0.5,0.08293333333333333,8104
-1.6901333333333333,-0.5002666666666666,0.0816,8110
-1.6896,-0.5008,0.08346666666666666,8116
-1.688,-0.5010666666666667,0.08106666666666666,8122
-1.6872,-0.5013333333333333,0.08346666666666666,8127
-1.6882666666666666,-0.5002666666666666,0.0848,8134
-1.6882666666666666,-0.5010666666666667,0.0848,8140
-1.6869333333333334,-0.5008,0.08453333333333334,8146
-1.6856,-0.5013333333333333,0.08373333333333334,8151
-1.6845333333333334,-0.5016,0.08026666666666667,8157
-1.6869333333333334,-0.5010666666666667,0.07813333333333333,8163
-1.6861333333333333,-0.5008,0.0768,8169
-1.6866666666666668,-0.5002666666666666,0.07733333333333334,8175
-1.6866666666666668,-0.5,0.07866666666666666,8180
-1.688,-0.5005333333333334,0.0776,8186
-1.6877333333333333,-0.5005333333333334,0.07813333333333333,8192
-1.6866666666666668,-0.5,0.08213333333333334,8198
-1.6858666666666666,-0.5008,0.08346666666666666,8204
-1.6864,-0.5016,0.08506666666666667,8210
-1.6842666666666666,-0.5016,0.084,8216
-1.684,-0.5018666666666667,0.08373333333333334,8222
-1.6853333333333333,-0.5008,0.08586666666666666,8227
-1.6856,-0.5010666666666667,0.08426666666666667,8233
-1.6861333333333333,-0.5008,0.08106666666666666,8239
-1.6858666666666666,-0.5010666666666667,0.08346666666666666,8245
-1.6861333333333333,-0.5010666666666667,0.08213333333333334,8251
-1.6866666666666668,-0.5013333333333333,0.0824,8256
-1.6850666666666667,-0.5,0.08293333333333333,8262
-1.6845333333333334,-0.5002666666666666,0.0808,8268
-1.6853333333333333,-0.4992,0.08346666666666666,8274
-1.6850666666666667,-0.49946666666666667,0.0856,8280
-1.6853333333333333,-0.49866666666666665,0.08293333333333333,8285
-1.6861333333333333,-0.4981333333333333,0.0832,8291
-1.6874666666666667,-0.49893333333333334,0.0824,8297
-1.6882666666666666,-0.5,0.07946666666666667,8303
-1.6882666666666666,-0.4997333333333333,0.0808,8309
-1.688,-0.5008,0.0792,8315
-1.6872,-0.5010666666666667,0.07733333333333334,8320
-1.6874666666666667,-0.5010666666666667,0.07466666666666667,8326
-1.6877333333333333,-0.5,0.07813333333333333,8332
-1.6869333333333334,-0.5,0.07813333333333333,8338
-1.6882666666666666,-0.4997333333333333,0.07706666666666667,8344
-1.6882666666666666,-0.5005333333333334,0.07626666666666666,8349
-1.6882666666666666,-0.5005333333333334,0.0768,8355
-1.6888,-0.5002666666666666,0.08,8361
-1.688,-0.5008,0.08266666666666667,8367
-1.6872,-0.5016,0.08213333333333334,8373
-1.6869333333333334,-0.5016,0.08213333333333334,8378
-1.6858666666666666,-0.5021333333333333,0.08346666666666666,8384
-1.6858666666666666,-0.5010666666666667,0.08346666666666666,8391
-1.6864,-0.5018666666666667,0.084,8397
-1.6874666666666667,-0.5016,0.0824,8403
-1.6872,-0.5013333333333333,0.08266666666666667,8408
-1.6872,-0.5005333333333334,0.08266666666666667,8414
-1.6877333333333333,-0.5008,0.08186666666666667,8420
-1.6869333333333334,-0.5005333333333334,0.084,8426
-1.6874666666666667,-0.5,0.08586666666666666,8432
-1.6848,-0.49893333333333334,0.08426666666666667,8437
-1.6845333333333334,-0.49893333333333334,0.0848,8443
-1.6850666666666667,-0.49866666666666665,0.08346666666666666,8449
-1.6842666666666666,-0.5,0.0816,8455
-1.6845333333333334,-0.5008,0.0808,8461
-1.6850666666666667,-0.5002666666666666,0.08026666666666667,8467
-1.6850666666666667,-0.5008,0.07973333333333334,8472
-1.6869333333333334,-0.5016,0.07893333333333333,8478
-1.6858666666666666,-0.5024,0.07946666666666667,8484
-1.6850666666666667,-0.5026666666666667,0.0808,8490
-1.6866666666666668,-0.5016,0.07973333333333334,8495
-1.688,-0.5010666666666667,0.07946666666666667,8501
-1.688,-0.5010666666666667,0.07946666666666667,8507
-1.6877333333333333,-0.5008,0.0784,8513
-1.6877333333333333,-0.5005333333333334,0.07786666666666667,8519
-1.688,-0.5002666666666666,0.07573333333333333,8525
-1.6890666666666667,-0.49946666666666667,0.0768,8530
-1.6893333333333334,-0.49866666666666665,0.0768,8536
-1.6877333333333333,-0.49893333333333334,0.076,8542
-1.6872,-0.4992,0.0768,8548
-1.6874666666666667,-0.4997333333333333,0.0768,8554
-1.6882666666666666,-0.4997333333333333,0.07946666666666667,8560
-1.6869333333333334,-0.5,0.08133333333333333,8565
-1.6874666666666667,-0.5005333333333334,0.0816,8571
-1.6872,-0.5005333333333334,0.0808,8577
-1.688,-0.5010666666666667,0.08133333333333333,8584
-1.6890666666666667,-0.5013333333333333,0.08213333333333334,8589
-1.6864,-0.5013333333333333,0.0824,8595
-1.6864,-0.5021333333333333,0.08293333333333333,8601
-1.6877333333333333,-0.5016,0.0816,8607
-1.6872,-0.5013333333333333,0.0808,8613
-1.6872,-0.5016,0.0832,8619
-1.6864,-0.5013333333333333,0.0848,8624
-1.6861333333333333,-0.5013333333333333,0.0832,8630
-1.6869333333333334,-0.5016,0.08293333333333333,8636
-1.6872,-0.5008,0.08293333333333333,8642
-1.6864,-0.5016,0.08346666666666666,8648
-1.6864,-0.5021333333333333,0.08453333333333334,8674
