3    80,2440,-975,-1643,12,2834,-175,876,FF,0,0,0,FF,0,0,0,D1,0,28,-21
6    80,2124,-1456,-1603,55,2645,-438,917,FF,0,0,0,FF,0,0,0,D1,0,28,-21
9    80,1891,-1583,-1599,6D,2413,-595,947,FF,0,0,0,FF,0,0,0,D1,1,28,-23
12    80,1632,-1611,-1602,69,2153,-638,957,FF,0,0,0,FF,0,0,0,D1,2,29,-22
15    80,1368,-1541,-1624,64,1892,-559,958,FF,0,0,0,FF,0,0,0,D1,2,29,-22
18    80,1124,-1370,-1649,73,1651,-366,936,FF,0,0,0,FF,0,0,0,D1,0,29,-21
21    80,916,-1116,-1684,A1,1441,-80,895,FF,0,0,0,FF,0,0,0,D1,0,29,-21
24    80,763,-811,-1720,95,1173,668,777,FF,0,0,0,FF,0,0,0,D1,1,30,-22
27    80,613,-160,-1819,67,1127,1054,708,FF,0,0,0,FF,0,0,0,D1,1,30,-22
30    80,615,126,-1859,67,1127,1402,644,FF,0,0,0,FF,0,0,0,D1,2,28,-22
33    80,659,340,-1888,91,1169,1671,590,FF,0,0,0,FF,0,0,0,D1,1,27,-22
36    80,733,464,-1913,D9,1241,1832,543,FF,0,0,0,FF,0,0,0,D1,1,27,-22
39    80,818,480,-1922,33,1331,1871,525,FF,0,0,0,FF,0,0,0,D1,0,29,-23
42    80,907,386,-1911,96,1430,1782,531,FF,0,0,0,FF,0,0,0,D1,0,29,-23
45    80,987,190,-1896,96,1607,1244,605,FF,0,0,0,FF,0,0,0,D1,1,27,-21
48    80,1060,-97,-1859,89,1673,846,679,FF,0,0,0,FF,0,0,0,D1,2,27,-22
51    80,1136,-829,-1740,BA,1722,403,772,FF,0,0,0,FF,0,0,0,D1,2,27,-22
54    80,1154,-1209,-1667,D7,1751,-43,871,FF,0,0,0,FF,0,0,0,D1,1,29,-22
57    80,1162,-1554,-1590,F1,1777,-445,973,FF,0,0,0,FF,0,0,0,D1,1,29,-22
60    80,1177,-1824,-1520,04,1796,-770,1058,FF,0,0,0,FF,0,0,0,D1,0,30,-22
63    80,1197,-2002,-1464,1B,1819,-988,1119,FF,0,0,0,FF,0,0,0,D1,0,30,-22
66    80,1237,-2066,-1416,3F,1855,-1071,1170,FF,0,0,0,FF,0,0,0,D1,0,29,-22
69    80,1294,-2006,-1381,B2,1970,-822,1181,FF,0,0,0,FF,0,0,0,D1,1,28,-22
72    80,1492,-1550,-1372,08,2056,-507,1145,FF,0,0,0,FF,0,0,0,D1,1,28,-22
75    80,1614,-1192,-1405,6C,2156,-97,1081,FF,0,0,0,FF,0,0,0,D1,1,29,-22
78    80,1740,-773,-1442,CF,2255,375,1006,FF,0,0,0,FF,0,0,0,D1,1,29,-22
81    80,1858,-349,-1504,2C,2348,862,922,FF,0,0,0,FF,0,0,0,D1,1,29,-20
84    80,1960,56,-1572,76,2422,1328,832,FF,0,0,0,FF,0,0,0,D1,1,28,-21
87    80,2027,403,-1634,A1,2465,1726,740,FF,0,0,0,FF,0,0,0,D1,1,28,-21
90    80,2047,662,-1698,A1,2465,1726,740,FF,0,0,0,FF,0,0,0,D1,1,29,-22
93    80,2014,813,-1753,1A,2330,2215,576,FF,0,0,0,FF,0,0,0,D1,1,29,-22
96    80,1774,745,-1821,89,2185,2095,567,FF,0,0,0,FF,0,0,0,D1,0,28,-21
99    80,1581,517,-1833,D4,2004,1836,584,FF,0,0,0,FF,0,0,0,D1,0,28,-21
102    80,1345,201,-1825,01,1793,1470,625,FF,0,0,0,FF,0,0,0,D1,1,29,-23
105    80,1097,-193,-1797,1D,1565,1022,687,FF,0,0,0,FF,0,0,0,D1,1,28,-23
108    80,843,-623,-1767,3F,1343,534,766,FF,0,0,0,FF,0,0,0,D1,1,28,-23
111    80,608,-1057,-1732,78,989,-395,917,FF,0,0,0,FF,0,0,0,D1,1,28,-21
114    80,412,-1460,-1697,77,887,-761,972,FF,0,0,0,FF,0,0,0,D1,1,28,-21
117    80,192,-2022,-1645,53,851,-1014,1014,FF,0,0,0,FF,0,0,0,D1,0,29,-21
120    80,197,-2139,-1641,6E,878,-1135,1023,FF,0,0,0,FF,0,0,0,D1,0,30,-22
123    80,277,-2137,-1643,CF,975,-1118,1010,FF,0,0,0,FF,0,0,0,D1,0,30,-22
126    80,428,-2011,-1664,6C,1132,-963,975,FF,0,0,0,FF,0,0,0,D1,2,28,-23
129    80,636,-1783,-1699,36,1334,-690,905,FF,0,0,0,FF,0,0,0,D1,2,28,-23
132    80,887,-1467,-1745,1C,1564,-321,818,FF,0,0,0,FF,0,0,0,D1,-1,30,-21
135    80,1160,-1082,-1789,F7,2039,570,647,FF,0,0,0,FF,0,0,0,D1,-1,30,-21
138    80,1433,-676,-1838,C7,2247,1014,569,FF,0,0,0,FF,0,0,0,D1,-1,30,-20
141    80,1904,70,-1922,6D,2413,1410,508,FF,0,0,0,FF,0,0,0,D1,0,27,-22
144    80,2066,359,-1929,DC,2524,1725,468,FF,0,0,0,FF,0,0,0,D1,0,27,-22
147    80,2157,558,-1932,13,2579,1930,451,FF,0,0,0,FF,0,0,0,D1,1,29,-22
150    80,2182,668,-1905,06,2566,2018,478,FF,0,0,0,FF,0,0,0,D1,1,29,-22
153    80,2141,668,-1851,CA,2506,1985,540,FF,0,0,0,FF,0,0,0,D1,0,29,-21
156    80,2046,558,-1778,CA,2259,1588,731,FF,0,0,0,FF,0,0,0,D1,1,28,-20
159    80,1913,355,-1685,36,2102,1271,855,FF,0,0,0,FF,0,0,0,D1,1,28,-20
162    80,1562,-230,-1458,9C,1948,903,995,FF,0,0,0,FF,0,0,0,D1,3,28,-20
165    80,1385,-569,-1357,15,1813,518,1125,FF,0,0,0,FF,0,0,0,D1,3,28,-20
168    80,1238,-896,-1261,AA,1706,153,1250,FF,0,0,0,FF,0,0,0,D1,1,28,-22
171    80,1121,-1204,-1189,64,1636,-166,1341,FF,0,0,0,FF,0,0,0,D1,1,28,-22
174    80,1039,-1453,-1149,3C,1596,-416,1402,FF,0,0,0,FF,0,0,0,D1,1,28,-22
177    80,995,-1638,-1141,3E,1631,-655,1396,FF,0,0,0,FF,0,0,0,D1,0,29,-22
180    80,985,-1740,-1181,93,1683,-638,1332,FF,0,0,0,FF,0,0,0,D1,0,29,-22
183    80,1006,-1754,-1248,CB,1739,-529,1223,FF,0,0,0,FF,0,0,0,D1,1,28,-22
186    80,1091,-1557,-1462,F8,1784,-348,1093,FF,0,0,0,FF,0,0,0,D1,1,28,-22
189    80,1115,-1370,-1609,12,1810,-117,935,FF,0,0,0,FF,0,0,0,D1,1,29,-22
192    80,1131,-1140,-1754,11,1809,146,770,FF,0,0,0,FF,0,0,0,D1,1,28,-22
195    80,1121,-895,-1904,EE,1774,417,598,FF,0,0,0,FF,0,0,0,D1,1,28,-22
198    80,1087,-648,-2039,A9,1705,675,439,FF,0,0,0,FF,0,0,0,D1,1,29,-22
201    80,1034,-419,-2146,D6,1494,1068,216,FF,0,0,0,FF,0,0,0,D1,1,29,-22
204    80,960,-223,-2212,5E,1374,1184,183,FF,0,0,0,FF,0,0,0,D1,2,26,-23
207    80,807,23,-2258,F1,1265,1241,188,FF,0,0,0,FF,0,0,0,D1,1,28,-21
210    80,757,74,-2207,A3,1187,1243,232,FF,0,0,0,FF,0,0,0,D1,1,28,-21
213    80,740,63,-2134,80,1152,1192,325,FF,0,0,0,FF,0,0,0,D1,0,29,-20
216    80,774,8,-2011,95,1173,1096,459,FF,0,0,0,FF,0,0,0,D1,0,29,-20
219    80,856,-81,-1870,E8,1256,976,618,FF,0,0,0,FF,0,0,0,D1,1,28,-22
222    80,984,-199,-1716,E8,1604,710,948,FF,0,0,0,FF,0,0,0,D1,1,28,-22
225    80,1165,-334,-1572,37,1847,584,1090,FF,0,0,0,FF,0,0,0,D1,2,29,-22
228    80,1622,-602,-1314,45,2117,474,1209,FF,0,0,0,FF,0,0,0,D1,0,29,-23
231    80,1866,-720,-1223,56,2390,390,1303,FF,0,0,0,FF,0,0,0,D1,0,29,-23
234    80,2087,-816,-1164,51,2641,330,1353,FF,0,0,0,FF,0,0,0,D1,0,29,-22
237    80,2261,-889,-1152,20,2848,298,1355,FF,0,0,0,FF,0,0,0,D1,0,29,-22
240    80,2383,-943,-1183,A7,2983,286,1317,FF,0,0,0,FF,0,0,0,D1,2,29,-22
243    80,2427,-968,-1251,D6,3030,292,1243,FF,0,0,0,FF,0,0,0,D1,1,29,-22
246    80,2380,-968,-1347,24,2852,339,1017,FF,0,0,0,FF,0,0,0,D1,1,29,-22
249    80,2248,-955,-1467,41,2625,369,882,FF,0,0,0,FF,0,0,0,D1,0,29,-21
252    80,1759,-910,-1748,16,2326,395,739,FF,0,0,0,FF,0,0,0,D1,0,29,-21
255    80,1433,-873,-1887,B8,1976,413,604,FF,0,0,0,FF,0,0,0,D1,1,27,-21
258    80,1089,-836,-2014,41,1601,426,495,FF,0,0,0,FF,0,0,0,D1,1,27,-21
261    80,750,-797,-2108,D4,1236,429,406,FF,0,0,0,FF,0,0,0,D1,1,28,-24
264    80,438,-762,-2162,94,916,428,364,FF,0,0,0,FF,0,0,0,D1,0,28,-22
267    80,196,-735,-2176,94,916,428,364,FF,0,0,0,FF,0,0,0,D1,0,28,-22
270    80,34,-710,-2158,BB,443,424,445,FF,0,0,0,FF,0,0,0,D1,-1,28,-21
273    80,7,-672,-1998,EF,495,425,541,FF,0,0,0,FF,0,0,0,D1,-1,28,-21
276    80,145,-658,-1870,8C,652,438,665,FF,0,0,0,FF,0,0,0,D1,0,30,-21
279    80,368,-650,-1726,89,905,459,801,FF,0,0,0,FF,0,0,0,D1,0,30,-22
282    80,660,-639,-1576,C7,1223,482,947,FF,0,0,0,FF,0,0,0,D1,0,30,-22
285    80,1002,-634,-1441,2B,1579,514,1073,FF,0,0,0,FF,0,0,0,D1,0,29,-23
288    80,1351,-626,-1322,98,2291,578,1272,FF,0,0,0,FF,0,0,0,D1,0,29,-23
291    80,1685,-613,-1219,13,2579,613,1329,FF,0,0,0,FF,0,0,0,D1,-1,29,-22
294    80,1970,-593,-1152,E6,2790,648,1350,FF,0,0,0,FF,0,0,0,D1,-1,29,-22
297    80,2305,-552,-1136,5C,2908,676,1334,FF,0,0,0,FF,0,0,0,D1,0,30,-22
300    80,2340,-521,-1181,67,2919,700,1288,FF,0,0,0,FF,0,0,0,D1,-1,28,-22
303    80,2272,-489,-1259,13,2835,724,1209,FF,0,0,0,FF,0,0,0,D1,-1,28,-22
306    80,2120,-455,-1356,5E,2654,736,1109,FF,0,0,0,FF,0,0,0,D1,-1,29,-22
309    80,1898,-422,-1474,65,2405,749,987,FF,0,0,0,FF,0,0,0,D1,-1,29,-22
312    80,1629,-398,-1614,06,1798,754,738,FF,0,0,0,FF,0,0,0,D1,1,29,-22
315    80,1343,-377,-1755,DF,1503,748,626,FF,0,0,0,FF,0,0,0,D1,0,29,-22
318    80,836,-376,-2004,E4,1252,736,516,FF,0,0,0,FF,0,0,0,D1,0,29,-22
321    80,653,-400,-2100,2F,1071,712,422,FF,0,0,0,FF,0,0,0,D1,-1,29,-23
324    80,549,-445,-2151,CB,971,674,365,FF,0,0,0,FF,0,0,0,D1,-1,29,-23
327    80,529,-512,-2180,C6,966,625,339,FF,0,0,0,FF,0,0,0,D1,-1,29,-21
330    80,588,-602,-2174,1D,1053,561,348,FF,0,0,0,FF,0,0,0,D1,-1,29,-21
333    80,722,-707,-2129,1D,1450,390,434,FF,0,0,0,FF,0,0,0,D1,0,29,-22
336    80,912,-827,-2063,B1,1713,291,512,FF,0,0,0,FF,0,0,0,D1,2,27,-22
339    80,1135,-954,-1973,BE,1982,186,624,FF,0,0,0,FF,0,0,0,D1,2,27,-22
342    80,1591,-1197,-1753,B7,2231,88,743,FF,0,0,0,FF,0,0,0,D1,1,27,-21
345    80,1772,-1290,-1651,80,2432,4,860,FF,0,0,0,FF,0,0,0,D1,1,27,-21
348    80,1896,-1350,-1549,05,2565,-59,962,FF,0,0,0,FF,0,0,0,D1,1,29,-21
351    80,1943,-1359,-1454,36,2614,-93,1049,FF,0,0,0,FF,0,0,0,D1,-1,28,-21
354    80,1920,-1326,-1389,11,2577,-84,1126,FF,0,0,0,FF,0,0,0,D1,-1,28,-21
357    80,1825,-1243,-1344,DB,2267,64,1217,FF,0,0,0,FF,0,0,0,D1,0,28,-21
360    80,1666,-1105,-1316,ED,2029,208,1223,FF,0,0,0,FF,0,0,0,D1,0,28,-21
363    80,1250,-692,-1323,E4,1764,395,1198,FF,0,0,0,FF,0,0,0,D1,1,29,-23
366    80,1028,-449,-1362,E1,1505,608,1151,FF,0,0,0,FF,0,0,0,D1,1,29,-23
369    80,826,-193,-1427,FB,1275,838,1087,FF,0,0,0,FF,0,0,0,D1,1,29,-21
372    80,683,40,-1498,48,1096,1070,1014,FF,0,0,0,FF,0,0,0,D1,1,31,-23
375    80,601,244,-1564,DB,987,1277,923,FF,0,0,0,FF,0,0,0,D1,1,31,-23
378    80,580,402,-1634,DB,987,1277,923,FF,0,0,0,FF,0,0,0,D1,0,29,-24
381    80,642,490,-1698,89,1161,1623,670,FF,0,0,0,FF,0,0,0,D1,0,29,-24
384    80,757,500,-1756,53,1363,1590,618,FF,0,0,0,FF,0,0,0,D1,1,27,-22
387    80,1141,264,-1830,43,1603,1478,586,FF,0,0,0,FF,0,0,0,D1,1,29,-22
390    80,1359,25,-1835,48,1864,1283,576,FF,0,0,0,FF,0,0,0,D1,1,29,-22
393    80,1567,-272,-1831,41,2113,1019,583,FF,0,0,0,FF,0,0,0,D1,1,28,-22
396    80,1732,-610,-1813,17,2327,705,619,FF,0,0,0,FF,0,0,0,D1,1,28,-22
399    80,1856,-967,-1781,B9,2574,-5,739,FF,0,0,0,FF,0,0,0,D1,0,29,-23
402    80,1902,-1316,-1749,0C,2572,-333,803,FF,0,0,0,FF,0,0,0,D1,0,29,-23
405    80,1881,-1629,-1704,BC,2492,-616,868,FF,0,0,0,FF,0,0,0,D1,1,29,-22
408    80,1631,-2040,-1624,22,2338,-820,928,FF,0,0,0,FF,0,0,0,D1,1,29,-22
411    80,1440,-2104,-1598,4E,2126,-924,981,FF,0,0,0,FF,0,0,0,D1,1,29,-22
414    80,1220,-2057,-1585,5A,1882,-924,1018,FF,0,0,0,FF,0,0,0,D1,1,28,-21
417    80,1006,-1908,-1577,5B,1627,-807,1031,FF,0,0,0,FF,0,0,0,D1,1,28,-21
420    80,820,-1660,-1576,6F,1391,-582,1028,FF,0,0,0,FF,0,0,0,D1,0,28,-22
423    80,676,-1326,-1585,34,1076,123,962,FF,0,0,0,FF,0,0,0,D1,0,29,-22
426    80,602,-937,-1615,07,1031,551,906,FF,0,0,0,FF,0,0,0,D1,0,29,-22
429    80,686,-117,-1684,34,1076,982,840,FF,0,0,0,FF,0,0,0,D1,0,28,-22
432    80,837,253,-1711,B1,1201,1383,766,FF,0,0,0,FF,0,0,0,D1,0,28,-22
435    80,1047,551,-1748,7A,1402,1724,698,FF,0,0,0,FF,0,0,0,D1,-2,29,-22
438    80,1300,753,-1781,76,1654,1969,637,FF,0,0,0,FF,0,0,0,D1,-2,29,-22
441    80,1560,845,-1811,90,1936,2101,588,FF,0,0,0,FF,0,0,0,D1,1,30,-23
444    80,1821,814,-1821,90,2467,1982,545,FF,0,0,0,FF,0,0,0,D1,1,30,-21
447    80,2041,675,-1818,69,2665,1742,556,FF,0,0,0,FF,0,0,0,D1,1,30,-21
450    80,2192,437,-1802,E2,2786,1405,590,FF,0,0,0,FF,0,0,0,D1,-1,30,-20
453    80,2255,-276,-1760,01,2817,997,640,FF,0,0,0,FF,0,0,0,D1,-1,30,-20
456    80,2152,-685,-1710,BE,2750,554,703,FF,0,0,0,FF,0,0,0,D1,-1,29,-21
459    80,1959,-1075,-1667,1E,2590,115,776,FF,0,0,0,FF,0,0,0,D1,0,30,-21
462    80,1694,-1420,-1629,2D,2349,-282,848,FF,0,0,0,FF,0,0,0,D1,0,30,-21
465    80,1378,-1690,-1602,04,1717,-815,997,FF,0,0,0,FF,0,0,0,D1,1,29,-22
468    80,1039,-1873,-1574,62,1378,-908,1045,FF,0,0,0,FF,0,0,0,D1,1,29,-22
471    80,711,-1943,-1554,2A,1066,-877,1070,FF,0,0,0,FF,0,0,0,D1,0,28,-23
474    80,191,-1743,-1537,28,808,-718,1081,FF,0,0,0,FF,0,0,0,D1,2,28,-22
477    80,41,-1500,-1551,74,628,-458,1070,FF,0,0,0,FF,0,0,0,D1,2,28,-22
480    80,-10,-1190,-1569,1E,542,-116,1044,FF,0,0,0,FF,0,0,0,D1,1,28,-22
483    80,45,-842,-1584,2C,556,282,1001,FF,0,0,0,FF,0,0,0,D1,1,28,-22
486    80,194,-494,-1605,A0,672,686,938,FF,0,0,0,FF,0,0,0,D1,1,29,-22
489    80,426,-175,-1633,84,1156,1379,812,FF,0,0,0,FF,0,0,0,D1,1,29,-22
492    80,725,80,-1664,C9,1481,1604,761,FF,0,0,0,FF,0,0,0,D1,0,29,-22
495    80,1064,257,-1690,29,1833,1719,723,FF,0,0,0,FF,0,0,0,D1,1,29,-21
498    80,1754,320,-1718,7E,2174,1719,699,FF,0,0,0,FF,0,0,0,D1,1,29,-21
501    80,2044,196,-1719,B0,2480,1597,682,FF,0,0,0,FF,0,0,0,D1,1,30,-21
504    80,2270,-12,-1710,A8,2728,1366,694,FF,0,0,0,FF,0,0,0,D1,1,30,-21
507    80,2416,-283,-1692,55,2901,1051,725,FF,0,0,0,FF,0,0,0,D1,0,29,-22
510    80,2475,-589,-1665,55,2982,316,808,FF,0,0,0,FF,0,0,0,D1,0,29,-22
513    80,2442,-897,-1641,4E,2894,-32,854,FF,0,0,0,FF,0,0,0,D1,0,29,-22
516    80,2326,-1175,-1612,AA,2730,-325,895,FF,0,0,0,FF,0,0,0,D1,1,29,-21
519    80,1907,-1545,-1588,D1,2513,-529,928,FF,0,0,0,FF,0,0,0,D1,1,29,-21
522    80,1651,-1590,-1583,D4,2260,-619,961,FF,0,0,0,FF,0,0,0,D1,-1,29,-21
525    80,1392,-1535,-1596,D0,2000,-592,963,FF,0,0,0,FF,0,0,0,D1,-1,29,-21
528    80,1151,-1381,-1615,CD,1741,-439,941,FF,0,0,0,FF,0,0,0,D1,0,28,-22
531    80,942,-1141,-1655,EA,1514,-186,902,FF,0,0,0,FF,0,0,0,D1,1,27,-22
534    80,781,-840,-1691,B3,1203,528,800,FF,0,0,0,FF,0,0,0,D1,1,27,-22
537    80,675,-517,-1747,67,1127,922,733,FF,0,0,0,FF,0,0,0,D1,1,29,-23
540    80,617,-187,-1792,53,1107,1289,664,FF,0,0,0,FF,0,0,0,D1,1,29,-23
543    80,650,331,-1879,71,1137,1591,601,FF,0,0,0,FF,0,0,0,D1,0,29,-22
546    80,711,477,-1909,AE,1198,1797,561,FF,0,0,0,FF,0,0,0,D1,2,29,-21
549    80,793,515,-1920,07,1287,1885,536,FF,0,0,0,FF,0,0,0,D1,2,29,-21
552    80,880,443,-1915,69,1385,1846,534,FF,0,0,0,FF,0,0,0,D1,1,29,-21
555    80,961,263,-1900,69,1385,1846,534,FF,0,0,0,FF,0,0,0,D1,1,29,-21
558    80,1036,-4,-1858,6C,1644,1023,662,FF,0,0,0,FF,0,0,0,D1,1,29,-21
561    80,1094,-347,-1812,A1,1697,595,741,FF,0,0,0,FF,0,0,0,D1,1,29,-21
564    80,1152,-1117,-1684,C4,1732,147,835,FF,0,0,0,FF,0,0,0,D1,0,29,-21
567    80,1167,-1479,-1614,DE,1758,-277,924,FF,0,0,0,FF,0,0,0,D1,1,29,-22
570    80,1175,-1771,-1547,F1,1777,-640,1011,FF,0,0,0,FF,0,0,0,D1,1,29,-22
573    80,1197,-1975,-1481,03,1795,-904,1088,FF,0,0,0,FF,0,0,0,D1,1,29,-22
576    80,1233,-2064,-1427,23,1869,-1042,1182,FF,0,0,0,FF,0,0,0,D1,1,29,-22
579    80,1282,-2028,-1383,8C,1932,-902,1189,FF,0,0,0,FF,0,0,0,D1,1,29,-23
582    80,1360,-1874,-1363,DC,2012,-630,1167,FF,0,0,0,FF,0,0,0,D1,1,29,-21
585    80,1461,-1605,-1367,3D,2109,-251,1116,FF,0,0,0,FF,0,0,0,D1,1,29,-21
588    80,1702,-836,-1419,A2,2210,201,1043,FF,0,0,0,FF,0,0,0,D1,0,27,-22
591    80,1826,-404,-1483,02,2306,686,961,FF,0,0,0,FF,0,0,0,D1,0,27,-22
594    80,1933,9,-1546,57,2391,1167,871,FF,0,0,0,FF,0,0,0,D1,-1,29,-22
597    80,2007,372,-1617,90,2448,1592,775,FF,0,0,0,FF,0,0,0,D1,-1,29,-22
600    80,2039,645,-1691,89,2441,2153,619,FF,0,0,0,FF,0,0,0,D1,0,30,-21
603    80,2013,818,-1746,3E,2366,2232,584,FF,0,0,0,FF,0,0,0,D1,1,29,-21
606    80,1935,868,-1794,C1,2241,2163,562,FF,0,0,0,FF,0,0,0,D1,1,29,-21
609    80,1618,586,-1835,1A,2074,1959,571,FF,0,0,0,FF,0,0,0,D1,1,29,-23
612    80,1390,281,-1832,52,1874,1634,602,FF,0,0,0,FF,0,0,0,D1,1,29,-23
615    80,1138,-97,-1817,75,1653,1212,653,FF,0,0,0,FF,0,0,0,D1,0,28,-21
618    80,880,-522,-1787,93,1427,736,717,FF,0,0,0,FF,0,0,0,D1,1,30,-22
621    80,637,-953,-1751,93,1050,-223,869,FF,0,0,0,FF,0,0,0,D1,1,30,-22
624    80,436,-1364,-1719,A0,928,-625,930,FF,0,0,0,FF,0,0,0,D1,0,29,-22
627    80,284,-1708,-1681,5C,860,-920,985,FF,0,0,0,FF,0,0,0,D1,0,29,-22
630    80,182,-2109,-1649,5D,861,-1096,1012,FF,0,0,0,FF,0,0,0,D1,1,29,-22
633    80,245,-2128,-1647,A5,933,-1135,1020,FF,0,0,0,FF,0,0,0,D1,1,29,-22
636    80,383,-2028,-1656,27,1063,-1037,996,FF,0,0,0,FF,0,0,0,D1,1,28,-23
639    80,590,-1818,-1681,E0,1248,-810,947,FF,0,0,0,FF,0,0,0,D1,0,28,-22
642    80,842,-1517,-1722,B9,1465,-477,875,FF,0,0,0,FF,0,0,0,D1,0,28,-22
645    80,1116,-1148,-1767,98,1944,388,697,FF,0,0,0,FF,0,0,0,D1,-1,29,-20
648    80,1388,-744,-1818,75,2165,840,604,FF,0,0,0,FF,0,0,0,D1,-1,29,-20
651    80,1647,-342,-1869,2D,2349,1259,525,FF,0,0,0,FF,0,0,0,D1,0,29,-22
654    80,2047,342,-1918,B2,2482,1609,471,FF,0,0,0,FF,0,0,0,D1,2,28,-22
657    80,2150,567,-1925,02,2562,1862,442,FF,0,0,0,FF,0,0,0,D1,2,28,-22
660    80,2185,691,-1915,12,2578,2000,448,FF,0,0,0,FF,0,0,0,D1,0,28,-21
663    80,2158,708,-1873,E9,2537,2015,486,FF,0,0,0,FF,0,0,0,D1,0,28,-21
666    80,2070,617,-1806,E9,2537,2015,486,FF,0,0,0,FF,0,0,0,D1,-2,28,-19
669    80,1939,434,-1717,71,2161,1401,804,FF,0,0,0,FF,0,0,0,D1,-2,28,-19
672    80,1774,176,-1608,D4,2004,1045,943,FF,0,0,0,FF,0,0,0,D1,-1,29,-21
675    80,1419,-481,-1391,43,1859,661,1079,FF,0,0,0,FF,0,0,0,D1,1,29,-21
678    80,1262,-819,-1293,C9,1737,287,1212,FF,0,0,0,FF,0,0,0,D1,1,29,-21
681    80,1130,-1132,-1216,73,1651,-50,1321,FF,0,0,0,FF,0,0,0,D1,0,28,-22
684    80,1036,-1393,-1159,43,1603,-330,1404,FF,0,0,0,FF,0,0,0,D1,0,28,-22
687    80,980,-1586,-1143,39,1618,-636,1424,FF,0,0,0,FF,0,0,0,D1,1,28,-22
690    80,969,-1707,-1162,7C,1660,-652,1372,FF,0,0,0,FF,0,0,0,D1,0,28,-21
693    80,982,-1743,-1226,B3,1715,-576,1280,FF,0,0,0,FF,0,0,0,D1,0,28,-21
696    80,1013,-1695,-1321,E7,1767,-423,1155,FF,0,0,0,FF,0,0,0,D1,-2,28,-23
699    80,1085,-1397,-1577,08,1800,-211,1002,FF,0,0,0,FF,0,0,0,D1,-2,28,-23
702    80,1110,-1174,-1720,0D,1805,40,835,FF,0,0,0,FF,0,0,0,D1,1,28,-22
705    80,1110,-930,-1876,F7,1783,309,654,FF,0,0,0,FF,0,0,0,D1,1,28,-22
708    80,1084,-686,-2023,C2,1730,572,505,FF,0,0,0,FF,0,0,0,D1,1,28,-21
711    80,1028,-452,-2147,FE,1534,1001,267,FF,0,0,0,FF,0,0,0,D1,0,28,-23
714    80,960,-249,-2228,8A,1418,1141,219,FF,0,0,0,FF,0,0,0,D1,0,28,-23
717    80,878,-92,-2271,19,1305,1222,208,FF,0,0,0,FF,0,0,0,D1,0,29,-22
720    80,748,74,-2247,BF,1215,1246,243,FF,0,0,0,FF,0,0,0,D1,0,29,-22
723    80,727,73,-2170,8E,1166,1213,323,FF,0,0,0,FF,0,0,0,D1,0,29,-21
726    80,744,34,-2045,8A,1162,1135,441,FF,0,0,0,FF,0,0,0,D1,1,28,-21
729    80,815,-46,-1907,C7,1223,1023,579,FF,0,0,0,FF,0,0,0,D1,1,28,-21
732    80,942,-154,-1743,C7,1526,762,913,FF,0,0,0,FF,0,0,0,D1,0,29,-20
735    80,1113,-281,-1589,DA,1754,631,1059,FF,0,0,0,FF,0,0,0,D1,0,29,-20
738    80,1327,-423,-1453,E0,2016,518,1186,FF,0,0,0,FF,0,0,0,D1,0,29,-23
741    80,1565,-554,-1321,F4,2292,421,1281,FF,0,0,0,FF,0,0,0,D1,0,28,-24
744    80,2040,-778,-1156,F9,2553,353,1341,FF,0,0,0,FF,0,0,0,D1,0,28,-24
747    80,2229,-862,-1138,DB,2779,309,1363,FF,0,0,0,FF,0,0,0,D1,2,29,-22
750    80,2361,-919,-1153,79,2937,289,1338,FF,0,0,0,FF,0,0,0,D1,2,29,-22
753    80,2420,-959,-1222,CF,3011,305,1178,FF,0,0,0,FF,0,0,0,D1,2,28,-21
756    80,2400,-975,-1309,5B,2907,330,1054,FF,0,0,0,FF,0,0,0,D1,2,28,-21
759    80,2289,-962,-1422,9B,2715,353,924,FF,0,0,0,FF,0,0,0,D1,0,29,-21
762    80,2089,-939,-1573,87,2439,380,790,FF,0,0,0,FF,0,0,0,D1,2,29,-21
765    80,1503,-874,-1870,3B,2107,401,658,FF,0,0,0,FF,0,0,0,D1,2,29,-21
768    80,1156,-837,-1993,CC,1740,418,533,FF,0,0,0,FF,0,0,0,D1,1,28,-23
771    80,814,-796,-2082,5E,1374,430,443,FF,0,0,0,FF,0,0,0,D1,1,28,-23
774    80,497,-758,-2148,0B,1035,430,376,FF,0,0,0,FF,0,0,0,D1,0,29,-22
777    80,236,-727,-2172,2C,556,424,369,FF,0,0,0,FF,0,0,0,D1,0,29,-22
780    80,55,-703,-2152,C2,450,428,412,FF,0,0,0,FF,0,0,0,D1,0,29,-22
783    80,-26,-685,-2093,CB,459,432,501,FF,0,0,0,FF,0,0,0,D1,1,28,-22
786    80,-10,-667,-2002,3F,575,438,610,FF,0,0,0,FF,0,0,0,D1,1,28,-22
789    80,319,-642,-1749,1A,794,450,742,FF,0,0,0,FF,0,0,0,D1,1,28,-22
792    80,602,-636,-1616,40,1088,471,880,FF,0,0,0,FF,0,0,0,D1,1,28,-22
795    80,935,-630,-1474,99,1433,498,1020,FF,0,0,0,FF,0,0,0,D1,1,28,-21
798    80,1284,-620,-1361,99,2156,564,1239,FF,0,0,0,FF,0,0,0,D1,1,29,-21
801    80,1619,-606,-1262,A7,2471,597,1316,FF,0,0,0,FF,0,0,0,D1,1,29,-21
804    80,1916,-594,-1189,9F,2719,632,1349,FF,0,0,0,FF,0,0,0,D1,0,29,-21
807    80,2152,-582,-1160,38,2872,665,1348,FF,0,0,0,FF,0,0,0,D1,0,29,-21
810    80,2340,-527,-1193,68,2920,694,1319,FF,0,0,0,FF,0,0,0,D1,1,29,-22
813    80,2291,-494,-1259,35,2869,718,1251,FF,0,0,0,FF,0,0,0,D1,2,29,-23
816    80,2155,-458,-1356,A2,2722,736,1149,FF,0,0,0,FF,0,0,0,D1,2,29,-23
819    80,1946,-430,-1476,BF,2495,750,1030,FF,0,0,0,FF,0,0,0,D1,2,28,-22
822    80,1687,-406,-1614,77,1911,762,782,FF,0,0,0,FF,0,0,0,D1,2,28,-22
825    80,1402,-378,-1746,46,1606,757,651,FF,0,0,0,FF,0,0,0,D1,0,29,-21
828    80,1119,-361,-1882,39,1337,744,537,FF,0,0,0,FF,0,0,0,D1,0,29,-21
831    80,689,-386,-2098,67,1127,724,443,FF,0,0,0,FF,0,0,0,D1,0,29,-23
834    80,568,-427,-2164,E6,998,689,376,FF,0,0,0,FF,0,0,0,D1,0,29,-22
837    80,523,-490,-2195,B9,953,646,338,FF,0,0,0,FF,0,0,0,D1,0,29,-22
840    80,564,-573,-2201,EF,1007,587,331,FF,0,0,0,FF,0,0,0,D1,1,29,-22
843    80,690,-677,-2166,EF,1007,587,331,FF,0,0,0,FF,0,0,0,D1,1,29,-22
846    80,871,-802,-2107,3F,1599,331,481,FF,0,0,0,FF,0,0,0,D1,-2,28,-20
849    80,1087,-931,-2018,4B,1867,228,583,FF,0,0,0,FF,0,0,0,D1,1,29,-21
852    80,1321,-1063,-1917,52,2130,127,694,FF,0,0,0,FF,0,0,0,D1,1,29,-21
855    80,1729,-1276,-1680,32,2354,38,812,FF,0,0,0,FF,0,0,0,D1,3,30,-22
858    80,1862,-1346,-1581,D7,2519,-34,931,FF,0,0,0,FF,0,0,0,D1,3,30,-22
861    80,1927,-1371,-1474,2B,2603,-80,1036,FF,0,0,0,FF,0,0,0,D1,1,28,-21
864    80,1916,-1351,-1407,25,2511,-55,1191,FF,0,0,0,FF,0,0,0,D1,1,28,-21
867    80,1837,-1274,-1350,30,2352,24,1227,FF,0,0,0,FF,0,0,0,D1,-2,29,-21
870    80,1690,-1144,-1315,55,2133,151,1246,FF,0,0,0,FF,0,0,0,D1,0,27,-22
873    80,1496,-967,-1303,55,1877,322,1229,FF,0,0,0,FF,0,0,0,D1,0,27,-22
876    80,1065,-520,-1365,4A,1610,524,1186,FF,0,0,0,FF,0,0,0,D1,1,29,-21
879    80,873,-272,-1420,52,1362,749,1123,FF,0,0,0,FF,0,0,0,D1,1,29,-21
882    80,715,-32,-1491,82,1154,986,1044,FF,0,0,0,FF,0,0,0,D1,2,29,-21
885    80,619,187,-1552,F8,1016,1208,956,FF,0,0,0,FF,0,0,0,D1,0,29,-21
888    80,589,352,-1630,D6,982,1541,774,FF,0,0,0,FF,0,0,0,D1,0,29,-21
891    80,639,456,-1697,40,1088,1619,696,FF,0,0,0,FF,0,0,0,D1,0,29,-22
894    80,747,480,-1762,EF,1263,1620,639,FF,0,0,0,FF,0,0,0,D1,0,29,-22
897    80,912,428,-1807,D7,1495,1539,596,FF,0,0,0,FF,0,0,0,D1,2,29,-22
900    80,1331,71,-1851,D9,1753,1375,582,FF,0,0,0,FF,0,0,0,D1,2,29,-22
903    80,1543,-213,-1843,DE,2014,1132,584,FF,0,0,0,FF,0,0,0,D1,1,30,-22
906    80,1719,-548,-1835,CA,2250,830,614,FF,0,0,0,FF,0,0,0,D1,1,30,-21
909    80,1847,-901,-1801,CA,2549,132,712,FF,0,0,0,FF,0,0,0,D1,1,30,-21
912    80,1911,-1257,-1757,18,2584,-214,775,FF,0,0,0,FF,0,0,0,D1,1,28,-22
915    80,1904,-1578,-1710,E8,2536,-519,841,FF,0,0,0,FF,0,0,0,D1,1,28,-22
918    80,1825,-1845,-1671,6A,2410,-757,905,FF,0,0,0,FF,0,0,0,D1,-1,29,-22
921    80,1492,-2119,-1603,A9,2217,-901,959,FF,0,0,0,FF,0,0,0,D1,-1,29,-22
924    80,1277,-2098,-1581,C0,1984,-943,1005,FF,0,0,0,FF,0,0,0,D1,-1,29,-22
927    80,1052,-1966,-1566,BC,1724,-869,1026,FF,0,0,0,FF,0,0,0,D1,2,29,-21
930    80,853,-1736,-1572,C4,1476,-683,1034,FF,0,0,0,FF,0,0,0,D1,2,29,-21
933    80,698,-1421,-1594,5A,1114,-33,992,FF,0,0,0,FF,0,0,0,D1,0,28,-21
936    80,609,-1042,-1624,0D,1037,381,946,FF,0,0,0,FF,0,0,0,D1,0,28,-21
939    80,591,-630,-1655,12,1042,820,886,FF,0,0,0,FF,0,0,0,D1,-1,28,-22
942    80,655,-210,-1690,71,1137,1235,813,FF,0,0,0,FF,0,0,0,D1,0,27,-22
945    80,995,487,-1767,1E,1310,1607,743,FF,0,0,0,FF,0,0,0,D1,0,27,-22
948    80,1245,713,-1798,07,1543,1892,678,FF,0,0,0,FF,0,0,0,D1,1,29,-20
951    80,1511,832,-1823,1E,1822,2070,620,FF,0,0,0,FF,0,0,0,D1,1,29,-20
954    80,1772,841,-1834,1E,1822,2070,620,FF,0,0,0,FF,0,0,0,D1,2,29,-22
957    80,2002,725,-1834,28,2600,1859,555,FF,0,0,0,FF,0,0,0,D1,2,28,-24
960    80,2174,498,-1827,C3,2755,1553,579,FF,0,0,0,FF,0,0,0,D1,2,28,-24
963    80,2267,178,-1806,07,2823,1172,628,FF,0,0,0,FF,0,0,0,D1,1,29,-23
966    80,2182,-603,-1724,E9,2793,734,684,FF,0,0,0,FF,0,0,0,D1,1,29,-23
969    80,2009,-1003,-1680,70,2672,287,757,FF,0,0,0,FF,0,0,0,D1,1,28,-22
972    80,1759,-1362,-1633,99,2457,-131,835,FF,0,0,0,FF,0,0,0,D1,1,28,-22
975    80,1454,-1657,-1588,81,1851,-748,980,FF,0,0,0,FF,0,0,0,D1,0,28,-22
978    80,1121,-1854,-1556,E6,1510,-892,1031,FF,0,0,0,FF,0,0,0,D1,-1,29,-20
981    80,789,-1944,-1529,9D,1181,-910,1066,FF,0,0,0,FF,0,0,0,D1,-1,29,-20
984    80,485,-1920,-1514,81,897,-804,1082,FF,0,0,0,FF,0,0,0,D1,1,29,-21
987    80,241,-1786,-1516,AF,687,-579,1087,FF,0,0,0,FF,0,0,0,D1,1,29,-21
990    80,2,-1258,-1549,32,562,-260,1068,FF,0,0,0,FF,0,0,0,D1,2,28,-22
993    80,37,-920,-1578,18,536,117,1020,FF,0,0,0,FF,0,0,0,D1,0,29,-22
996    80,160,-569,-1611,66,614,521,968,FF,0,0,0,FF,0,0,0,D1,0,29,-22
999    80,379,-249,-1640,0B,1035,1265,849,FF,0,0,0,FF,0,0,0,D1,0,29,-22
1002    80,661,26,-1660,46,1350,1531,793,FF,0,0,0,FF,0,0,0,D1,0,29,-22
1005    80,995,225,-1688,A1,1697,1692,743,FF,0,0,0,FF,0,0,0,D1,0,28,-21
1008    80,1342,327,-1708,FA,2042,1739,702,FF,0,0,0,FF,0,0,0,D1,0,28,-21
1011    80,1983,224,-1718,43,2371,1659,687,FF,0,0,0,FF,0,0,0,D1,1,29,-22
1014    80,2219,38,-1708,56,2646,1471,693,FF,0,0,0,FF,0,0,0,D1,1,30,-22
1017    80,2381,-225,-1692,1D,2845,1189,714,FF,0,0,0,FF,0,0,0,D1,1,30,-22
1020    80,2457,-525,-1671,1D,2998,463,796,FF,0,0,0,FF,0,0,0,D1,0,30,-22
1023    80,2450,-835,-1655,7B,2939,96,848,FF,0,0,0,FF,0,0,0,D1,0,30,-22
1026    80,2355,-1129,-1628,F0,2800,-224,895,FF,0,0,0,FF,0,0,0,D1,0,29,-22
1029    80,2185,-1363,-1606,29,2601,-470,938,FF,0,0,0,FF,0,0,0,D1,0,28,-21
1032    80,1714,-1597,-1583,33,2355,-607,960,FF,0,0,0,FF,0,0,0,D1,0,28,-21
1035    80,1451,-1568,-1593,2B,2091,-627,969,FF,0,0,0,FF,0,0,0,D1,0,29,-21
1038    80,1205,-1435,-1607,27,1831,-526,957,FF,0,0,0,FF,0,0,0,D1,0,29,-21
1041    80,983,-1216,-1638,3D,1396,-3,882,FF,0,0,0,FF,0,0,0,D1,0,29,-22
1044    80,806,-931,-1676,DE,1246,367,813,FF,0,0,0,FF,0,0,0,D1,1,29,-23
1047    80,685,-606,-1726,7E,1150,765,746,FF,0,0,0,FF,0,0,0,D1,1,29,-23
1050    80,624,-277,-1771,56,1110,1152,675,FF,0,0,0,FF,0,0,0,D1,1,29,-23
1053    80,611,25,-1825,5E,1118,1486,615,FF,0,0,0,FF,0,0,0,D1,1,29,-23
1056    80,706,433,-1895,90,1168,1736,566,FF,0,0,0,FF,0,0,0,D1,1,29,-22
1059    80,791,492,-1920,E1,1249,1872,535,FF,0,0,0,FF,0,0,0,D1,1,29,-22
1062    80,881,445,-1924,3E,1342,1882,525,FF,0,0,0,FF,0,0,0,D1,0,28,-21
1065    80,964,291,-1905,FD,1533,1520,571,FF,0,0,0,FF,0,0,0,D1,1,28,-21
1068    80,1037,37,-1872,4F,1615,1173,632,FF,0,0,0,FF,0,0,0,D1,1,28,-21
1071    80,1090,-293,-1822,8D,1677,756,711,FF,0,0,0,FF,0,0,0,D1,1,27,-22
1074    80,1132,-667,-1759,BB,1723,308,795,FF,0,0,0,FF,0,0,0,D1,1,27,-22
1077    80,1169,-1420,-1612,D7,1751,-131,885,FF,0,0,0,FF,0,0,0,D1,1,28,-22
1080    80,1177,-1720,-1531,EB,1771,-520,975,FF,0,0,0,FF,0,0,0,D1,3,29,-23
1083    80,1195,-1940,-1472,FE,1790,-827,1061,FF,0,0,0,FF,0,0,0,D1,3,29,-23
1086    80,1232,-2052,-1412,FE,1857,-1071,1181,FF,0,0,0,FF,0,0,0,D1,3,28,-21
1089    80,1283,-2047,-1366,78,1912,-982,1198,FF,0,0,0,FF,0,0,0,D1,3,28,-21
1092    80,1360,-1918,-1351,C1,1985,-755,1186,FF,0,0,0,FF,0,0,0,D1,1,29,-21
1095    80,1450,-1673,-1354,1A,2074,-414,1148,FF,0,0,0,FF,0,0,0,D1,1,29,-21
1098    80,1564,-1341,-1383,7F,2175,16,1090,FF,0,0,0,FF,0,0,0,D1,-1,29,-21
1101    80,1815,-515,-1474,E7,2279,499,1014,FF,0,0,0,FF,0,0,0,D1,0,29,-21
1104    80,1926,-97,-1529,41,2369,989,915,FF,0,0,0,FF,0,0,0,D1,0,29,-21
1107    80,2003,279,-1603,82,2434,1444,816,FF,0,0,0,FF,0,0,0,D1,1,28,-21
1110    80,2043,582,-1673,9F,2463,2094,654,FF,0,0,0,FF,0,0,0,D1,1,28,-21
1113    80,2032,775,-1726,69,2409,2228,609,FF,0,0,0,FF,0,0,0,D1,2,28,-21
1116    80,1971,853,-1765,02,2306,2218,585,FF,0,0,0,FF,0,0,0,D1,0,28,-21
1119    80,1847,803,-1794,68,2152,2067,584,FF,0,0,0,FF,0,0,0,D1,0,28,-21
1122    80,1451,343,-1811,A8,1960,1779,600,FF,0,0,0,FF,0,0,0,D1,-1,29,-22
1125    80,1204,-19,-1795,CE,1742,1389,646,FF,0,0,0,FF,0,0,0,D1,-1,29,-22
1128    80,948,-437,-1770,EF,1519,930,707,FF,0,0,0,FF,0,0,0,D1,1,28,-23
1131    80,701,-876,-1738,EF,1519,930,707,FF,0,0,0,FF,0,0,0,D1,1,28,-23
1134    80,486,-1285,-1704,BF,959,-475,920,FF,0,0,0,FF,0,0,0,D1,2,29,-23
1137    80,315,-1646,-1670,62,866,-815,973,FF,0,0,0,FF,0,0,0,D1,2,28,-21
1140    80,213,-1916,-1645,4D,845,-1044,1006,FF,0,0,0,FF,0,0,0,D1,2,28,-21
1143    80,187,-2083,-1634,79,889,-1136,1018,FF,0,0,0,FF,0,0,0,D1,1,29,-22
1146    80,353,-2062,-1659,E6,998,-1087,1002,FF,0,0,0,FF,0,0,0,D1,1,29,-22
1149    80,541,-1876,-1684,89,1161,-905,961,FF,0,0,0,FF,0,0,0,D1,1,30,-23
1152    80,782,-1588,-1716,60,1612,-222,815,FF,0,0,0,FF,0,0,0,D1,1,29,-23
1155    80,1051,-1236,-1759,3E,1854,219,727,FF,0,0,0,FF,0,0,0,D1,1,29,-23
1158    80,1330,-842,-1815,29,2089,674,636,FF,0,0,0,FF,0,0,0,D1,0,27,-23
1161    80,1599,-442,-1857,EE,2286,1111,553,FF,0,0,0,FF,0,0,0,D1,0,27,-23
1164    80,1830,-65,-1894,89,2441,1492,494,FF,0,0,0,FF,0,0,0,D1,2,30,-21
1167    80,2141,507,-1914,ED,2541,1785,455,FF,0,0,0,FF,0,0,0,D1,2,30,-21
1170    80,2196,652,-1903,17,2583,1966,448,FF,0,0,0,FF,0,0,0,D1,1,28,-22
1173    80,2175,690,-1867,FD,2557,2027,472,FF,0,0,0,FF,0,0,0,D1,0,29,-22
1176    80,2099,623,-1814,40,2368,1794,617,FF,0,0,0,FF,0,0,0,D1,0,29,-22
1179    80,1976,459,-1720,AE,2222,1528,735,FF,0,0,0,FF,0,0,0,D1,0,30,-21
1182    80,1816,210,-1621,15,2069,1193,872,FF,0,0,0,FF,0,0,0,D1,0,30,-21
1185    80,1637,-88,-1514,7D,1917,818,1011,FF,0,0,0,FF,0,0,0,D1,1,29,-20
1188    80,1299,-776,-1308,F9,1785,433,1152,FF,0,0,0,FF,0,0,0,D1,0,29,-22
1191    80,1160,-1100,-1227,92,1682,75,1270,FF,0,0,0,FF,0,0,0,D1,0,29,-22
1194    80,1069,-1377,-1179,55,1621,-230,1362,FF,0,0,0,FF,0,0,0,D1,0,30,-23
1197    80,1012,-1588,-1151,55,1608,-609,1429,FF,0,0,0,FF,0,0,0,D1,0,30,-23
1200    80,987,-1718,-1160,6B,1643,-660,1393,FF,0,0,0,FF,0,0,0,D1,0,30,-21
1203    80,992,-1770,-1210,9E,1694,-619,1312,FF,0,0,0,FF,0,0,0,D1,0,30,-21
1206    80,1019,-1744,-1299,D4,1748,-493,1195,FF,0,0,0,FF,0,0,0,D1,1,28,-22
1209    80,1056,-1637,-1418,FF,1791,-296,1051,FF,0,0,0,FF,0,0,0,D1,1,28,-22
1212    80,1113,-1241,-1686,1A,1818,-54,890,FF,0,0,0,FF,0,0,0,D1,1,28,-22
1215    80,1116,-999,-1834,0F,1807,211,720,FF,0,0,0,FF,0,0,0,D1,-1,30,-21
1218    80,1093,-751,-1968,E4,1764,478,551,FF,0,0,0,FF,0,0,0,D1,-1,30,-21
1221    80,1045,-515,-2096,2F,1583,940,302,FF,0,0,0,FF,0,0,0,D1,1,28,-21
1224    80,981,-305,-2196,BB,1467,1103,237,FF,0,0,0,FF,0,0,0,D1,1,28,-22
1227    80,907,-135,-2249,48,1352,1206,209,FF,0,0,0,FF,0,0,0,D1,1,28,-22
1230    80,827,-17,-2264,E3,1251,1249,220,FF,0,0,0,FF,0,0,0,D1,1,28,-22
1233    80,745,58,-2181,9B,1179,1236,282,FF,0,0,0,FF,0,0,0,D1,1,28,-22
1236    80,759,24,-2075,83,1155,1178,383,FF,0,0,0,FF,0,0,0,D1,0,29,-23
1239    80,819,-52,-1953,A5,1189,1081,515,FF,0,0,0,FF,0,0,0,D1,0,29,-23
1242    80,929,-153,-1807,A5,1189,1081,515,FF,0,0,0,FF,0,0,0,D1,1,29,-21
1245    80,1088,-278,-1641,78,1656,690,985,FF,0,0,0,FF,0,0,0,D1,2,29,-21
1248    80,1291,-411,-1490,74,1908,566,1125,FF,0,0,0,FF,0,0,0,D1,2,29,-21
1251    80,1528,-547,-1356,84,2180,462,1239,FF,0,0,0,FF,0,0,0,D1,1,29,-21
1254    80,1767,-668,-1253,91,2449,381,1321,FF,0,0,0,FF,0,0,0,D1,1,29,-21
1257    80,2197,-863,-1136,85,2693,326,1357,FF,0,0,0,FF,0,0,0,D1,1,30,-21
1260    80,2340,-926,-1146,42,2882,298,1351,FF,0,0,0,FF,0,0,0,D1,2,28,-21
1263    80,2420,-971,-1197,42,3036,302,1225,FF,0,0,0,FF,0,0,0,D1,2,28,-21
1266    80,2417,-986,-1282,9C,2972,322,1106,FF,0,0,0,FF,0,0,0,D1,1,29,-22
1269    80,2322,-984,-1400,FB,2811,351,981,FF,0,0,0,FF,0,0,0,D1,1,29,-22
1272    80,2142,-962,-1530,06,2566,379,845,FF,0,0,0,FF,0,0,0,D1,2,29,-21
1275    80,1892,-932,-1673,CC,2252,405,696,FF,0,0,0,FF,0,0,0,D1,2,29,-21
1278    80,1241,-857,-1945,65,1893,424,574,FF,0,0,0,FF,0,0,0,D1,0,28,-22
1281    80,894,-816,-2047,EE,1518,430,466,FF,0,0,0,FF,0,0,0,D1,1,28,-23
1284    80,570,-780,-2129,89,1161,435,386,FF,0,0,0,FF,0,0,0,D1,1,28,-23
1287    80,292,-750,-2166,69,617,431,361,FF,0,0,0,FF,0,0,0,D1,1,28,-21
1290    80,97,-725,-2163,D9,473,429,394,FF,0,0,0,FF,0,0,0,D1,1,28,-21
1293    80,-9,-702,-2122,B6,438,428,463,FF,0,0,0,FF,0,0,0,D1,-1,29,-21
1296    80,-19,-684,-2041,03,515,432,569,FF,0,0,0,FF,0,0,0,D1,0,29,-21
1299    80,78,-669,-1938,B6,694,443,691,FF,0,0,0,FF,0,0,0,D1,0,29,-21
1302    80,540,-647,-1661,C2,962,466,831,FF,0,0,0,FF,0,0,0,D1,1,27,-22
1305    80,863,-643,-1509,0F,1295,490,965,FF,0,0,0,FF,0,0,0,D1,1,27,-22
1308    80,1211,-628,-1379,0F,2022,554,1199,FF,0,0,0,FF,0,0,0,D1,1,29,-22
1311    80,1549,-615,-1265,37,2359,589,1284,FF,0,0,0,FF,0,0,0,D1,1,29,-22
1314    80,1857,-603,-1185,4B,2635,625,1336,FF,0,0,0,FF,0,0,0,D1,0,30,-20
1317    80,2103,-583,-1135,0D,2829,661,1356,FF,0,0,0,FF,0,0,0,D1,0,29,-22
1320    80,2268,-561,-1122,6B,2923,691,1334,FF,0,0,0,FF,0,0,0,D1,0,29,-22
1323    80,2307,-504,-1223,63,2915,714,1282,FF,0,0,0,FF,0,0,0,D1,-1,28,-23
1326    80,2190,-465,-1314,F1,2801,734,1199,FF,0,0,0,FF,0,0,0,D1,-1,28,-23
1329    80,1995,-438,-1432,2F,2342,764,959,FF,0,0,0,FF,0,0,0,D1,1,29,-24
1332    80,1747,-411,-1567,F7,2039,766,831,FF,0,0,0,FF,0,0,0,D1,0,30,-23
1335    80,1465,-386,-1702,C2,1730,768,705,FF,0,0,0,FF,0,0,0,D1,0,30,-23
1338    80,1189,-376,-1838,A1,1441,756,582,FF,0,0,0,FF,0,0,0,D1,0,28,-22
1341    80,935,-374,-1965,B8,1208,736,480,FF,0,0,0,FF,0,0,0,D1,0,28,-22
1344    80,731,-394,-2065,0F,1039,707,389,FF,0,0,0,FF,0,0,0,D1,2,30,-22
1347    80,543,-495,-2173,C4,964,668,337,FF,0,0,0,FF,0,0,0,D1,0,29,-22
1350    80,567,-575,-2187,D4,980,610,324,FF,0,0,0,FF,0,0,0,D1,0,29,-22
1353    80,667,-674,-2163,F6,1270,462,373,FF,0,0,0,FF,0,0,0,D1,-1,28,-21
1356    80,834,-788,-2111,E0,1504,366,431,FF,0,0,0,FF,0,0,0,D1,-1,28,-21
1359    80,1037,-910,-2030,EB,1771,266,525,FF,0,0,0,FF,0,0,0,D1,2,29,-21
1362    80,1271,-1039,-1931,F4,2036,165,634,FF,0,0,0,FF,0,0,0,D1,2,29,-21
1365    80,1501,-1155,-1828,E8,2280,71,760,FF,0,0,0,FF,0,0,0,D1,1,28,-23
1368    80,1837,-1323,-1600,A1,2465,-11,878,FF,0,0,0,FF,0,0,0,D1,0,27,-22
1371    80,1926,-1356,-1496,12,2578,-66,980,FF,0,0,0,FF,0,0,0,D1,0,27,-22
1374    80,1935,-1339,-1412,12,2558,-74,1151,FF,0,0,0,FF,0,0,0,D1,0,28,-21
1377    80,1866,-1274,-1345,7B,2427,-12,1208,FF,0,0,0,FF,0,0,0,D1,0,28,-21
1380    80,1742,-1165,-1307,B1,2225,95,1229,FF,0,0,0,FF,0,0,0,D1,1,29,-22
1383    80,1560,-1003,-1291,BE,1982,248,1224,FF,0,0,0,FF,0,0,0,D1,0,29,-22
1386    80,1345,-798,-1305,B4,1716,438,1201,FF,0,0,0,FF,0,0,0,D1,0,29,-22
1389    80,922,-312,-1391,B1,1457,655,1146,FF,0,0,0,FF,0,0,0,D1,1,29,-21
1392    80,749,-65,-1461,D5,1237,887,1074,FF,0,0,0,FF,0,0,0,D1,1,29,-21
1395    80,634,157,-1529,2E,1070,1115,986,FF,0,0,0,FF,0,0,0,D1,-1,28,-20
1398    80,594,333,-1613,C9,969,1483,809,FF,0,0,0,FF,0,0,0,D1,-1,28,-20
1401    80,617,453,-1681,16,1046,1587,731,FF,0,0,0,FF,0,0,0,D1,0,28,-21
1404    80,711,498,-1740,AA,1194,1620,662,FF,0,0,0,FF,0,0,0,D1,0,29,-21
1407    80,863,460,-1787,7F,1407,1572,608,FF,0,0,0,FF,0,0,0,D1,0,29,-21
1410    80,1060,336,-1825,7C,1660,1442,580,FF,0,0,0,FF,0,0,0,D1,0,27,-22
1413    80,1484,-137,-1841,80,1920,1231,581,FF,0,0,0,FF,0,0,0,D1,0,27,-22
1416    80,1675,-462,-1832,76,2166,951,596,FF,0,0,0,FF,0,0,0,D1,0,27,-24
1419    80,1813,-815,-1805,76,2166,951,596,FF,0,0,0,FF,0,0,0,D1,0,27,-21
1422    80,1897,-1170,-1770,16,2582,-77,743,FF,0,0,0,FF,0,0,0,D1,0,27,-21
1425    80,1907,-1497,-1730,07,2567,-399,812,FF,0,0,0,FF,0,0,0,D1,1,29,-22
1428    80,1847,-1780,-1679,A7,2471,-662,882,FF,0,0,0,FF,0,0,0,D1,1,29,-22
1431    80,1712,-1984,-1634,01,2305,-846,946,FF,0,0,0,FF,0,0,0,D1,0,29,-22
1434    80,1319,-2094,-1566,20,2080,-928,992,FF,0,0,0,FF,0,0,0,D1,0,29,-22
1437    80,1099,-1990,-1548,27,1831,-901,1028,FF,0,0,0,FF,0,0,0,D1,1,30,-22
1440    80,897,-1780,-1538,2D,1353,-521,1040,FF,0,0,0,FF,0,0,0,D1,0,29,-22
1443    80,730,-1483,-1550,98,1176,-184,1010,FF,0,0,0,FF,0,0,0,D1,0,29,-22
1446    80,622,-1115,-1573,30,1072,215,967,FF,0,0,0,FF,0,0,0,D1,0,30,-22
1449    80,590,-707,-1610,13,1043,643,912,FF,0,0,0,FF,0,0,0,D1,0,30,-22
1452    80,640,-292,-1652,4F,1103,1072,843,FF,0,0,0,FF,0,0,0,D1,2,29,-22
1455    80,769,96,-1699,E1,1249,1460,774,FF,0,0,0,FF,0,0,0,D1,2,28,-22
1458    80,1198,673,-1786,B7,1463,1782,701,FF,0,0,0,FF,0,0,0,D1,2,28,-22
1461    80,1462,816,-1820,B9,1721,2004,637,FF,0,0,0,FF,0,0,0,D1,1,30,-21
1464    80,1728,840,-1842,E7,2279,2087,567,FF,0,0,0,FF,0,0,0,D1,1,30,-21
1467    80,1968,747,-1850,D8,2520,1936,560,FF,0,0,0,FF,0,0,0,D1,0,29,-21
1470    80,2147,549,-1844,90,2704,1671,571,FF,0,0,0,FF,0,0,0,D1,0,29,-21
1473    80,2259,255,-1823,F3,2803,1315,608,FF,0,0,0,FF,0,0,0,D1,-1,29,-23
1476    80,2278,-111,-1794,FC,2812,897,657,FF,0,0,0,FF,0,0,0,D1,0,31,-23
1479    80,2060,-916,-1717,A2,2722,450,725,FF,0,0,0,FF,0,0,0,D1,0,31,-23
1482    80,1820,-1288,-1671,ED,2541,18,802,FF,0,0,0,FF,0,0,0,D1,0,29,-21
1485    80,1518,-1591,-1619,ED,1980,-666,945,FF,0,0,0,FF,0,0,0,D1,0,29,-21
1488    80,1186,-1811,-1589,6A,1642,-856,1007,FF,0,0,0,FF,0,0,0,D1,0,29,-20
1491    80,855,-1933,-1561,1A,1306,-919,1055,FF,0,0,0,FF,0,0,0,D1,-1,29,-21
1494    80,539,-1932,-1536,EC,1004,-857,1076,FF,0,0,0,FF,0,0,0,D1,-1,29,-21
1497    80,283,-1825,-1531,FB,763,-676,1087,FF,0,0,0,FF,0,0,0,D1,1,31,-22
1500    80,93,-1619,-1534,5E,606,-391,1079,FF,0,0,0,FF,0,0,0,D1,1,31,-22
1503    80,10,-996,-1557,1E,542,-32,1047,FF,0,0,0,FF,0,0,0,D1,1,31,-20
1506    80,124,-643,-1587,44,716,770,940,FF,0,0,0,FF,0,0,0,D1,1,31,-20
1509    80,326,-305,-1612,AC,940,1138,882,FF,0,0,0,FF,0,0,0,D1,0,29,-21
1512    80,598,-10,-1639,D1,1233,1434,822,FF,0,0,0,FF,0,0,0,D1,1,29,-22
1515    80,925,203,-1670,25,1573,1634,777,FF,0,0,0,FF,0,0,0,D1,1,29,-22
1518    80,1275,327,-1694,83,1923,1726,739,FF,0,0,0,FF,0,0,0,D1,1,30,-22
1521    80,1623,351,-1706,CF,2255,1693,711,FF,0,0,0,FF,0,0,0,D1,1,30,-22
1524    80,2197,87,-1709,F7,2551,1541,701,FF,0,0,0,FF,0,0,0,D1,1,28,-21
1527    80,2374,-166,-1705,DB,2779,1293,703,FF,0,0,0,FF,0,0,0,D1,0,28,-21
1530    80,2465,-468,-1681,DB,2779,1293,703,FF,0,0,0,FF,0,0,0,D1,0,28,-21
1533    80,2473,-783,-1663,96,2966,228,808,FF,0,0,0,FF,0,0,0,D1,0,29,-22
1536    80,2394,-1084,-1639,28,2856,-112,848,FF,0,0,0,FF,0,0,0,D1,0,29,-22
1539    80,2243,-1332,-1612,77,2679,-388,894,FF,0,0,0,FF,0,0,0,D1,-1,28,-22
1542    80,2026,-1517,-1611,96,2454,-565,930,FF,0,0,0,FF,0,0,0,D1,-1,28,-22
1545    80,1780,-1602,-1603,92,2194,-630,950,FF,0,0,0,FF,0,0,0,D1,-1,27,-21
1548    80,1269,-1485,-1626,8B,1931,-575,953,FF,0,0,0,FF,0,0,0,D1,0,29,-21
1551    80,1042,-1280,-1661,8B,1465,-132,904,FF,0,0,0,FF,0,0,0,D1,0,29,-21
1554    80,856,-1007,-1694,0F,1295,217,854,FF,0,0,0,FF,0,0,0,D1,0,30,-23
1557    80,724,-685,-1739,9B,1179,607,793,FF,0,0,0,FF,0,0,0,D1,0,30,-23
1560    80,643,-356,-1784,5E,1118,1001,723,FF,0,0,0,FF,0,0,0,D1,-1,29,-22
1563    80,620,-39,-1823,55,1109,1357,657,FF,0,0,0,FF,0,0,0,D1,1,28,-21
1566    80,632,231,-1863,7C,1148,1643,598,FF,0,0,0,FF,0,0,0,D1,1,28,-21
1569    80,764,505,-1912,C1,1217,1824,558,FF,0,0,0,FF,0,0,0,D1,0,29,-23
1572    80,857,482,-1914,1D,1309,1883,537,FF,0,0,0,FF,0,0,0,D1,0,29,-23
1575    80,947,347,-1901,E8,1512,1617,566,FF,0,0,0,FF,0,0,0,D1,1,29,-22
1578    80,1026,110,-1873,3B,1595,1309,621,FF,0,0,0,FF,0,0,0,D1,1,29,-22
1581    80,1084,-207,-1835,80,1664,919,687,FF,0,0,0,FF,0,0,0,D1,-1,29,-22
1584    80,1123,-576,-1777,B2,1714,479,768,FF,0,0,0,FF,0,0,0,D1,0,29,-21
1587    80,1153,-972,-1712,D3,1747,32,864,FF,0,0,0,FF,0,0,0,D1,0,29,-21
1590    80,1182,-1667,-1565,E9,1769,-381,959,FF,0,0,0,FF,0,0,0,D1,-1,29,-22
1593    80,1194,-1913,-1491,FB,1787,-724,1046,FF,0,0,0,FF,0,0,0,D1,-1,29,-22
1596    80,1215,-2049,-1437,FB,1839,-1067,1166,FF,0,0,0,FF,0,0,0,D1,1,29,-22
1599    80,1261,-2068,-1392,5E,1886,-1033,1191,FF,0,0,0,FF,0,0,0,D1,2,28,-22
1602    80,1331,-1960,-1365,9F,1951,-858,1191,FF,0,0,0,FF,0,0,0,D1,2,28,-22
1605    80,1427,-1739,-1357,F2,2034,-558,1163,FF,0,0,0,FF,0,0,0,D1,2,29,-21
1608    80,1538,-1421,-1370,53,2131,-158,1114,FF,0,0,0,FF,0,0,0,D1,2,29,-21
1611    80,1658,-1030,-1409,B7,2231,307,1039,FF,0,0,0,FF,0,0,0,D1,1,28,-22
1614    80,1899,-176,-1528,14,2324,801,947,FF,0,0,0,FF,0,0,0,D1,0,29,-23
1617    80,1995,210,-1592,64,2455,1691,770,FF,0,0,0,FF,0,0,0,D1,0,29,-23
1620    80,2043,531,-1665,A3,2467,2005,687,FF,0,0,0,FF,0,0,0,D1,-1,29,-22
1623    80,2043,751,-1725,80,2432,2194,621,FF,0,0,0,FF,0,0,0,D1,-1,29,-22
1626    80,1990,850,-1776,2C,2348,2245,582,FF,0,0,0,FF,0,0,0,D1,1,29,-22
1629    80,1878,822,-1814,A8,2216,2146,570,FF,0,0,0,FF,0,0,0,D1,1,29,-22
1632    80,1713,668,-1830,F6,2038,1911,586,FF,0,0,0,FF,0,0,0,D1,0,30,-21
1635    80,1261,52,-1814,2A,1834,1559,625,FF,0,0,0,FF,0,0,0,D1,-1,29,-21
1638    80,1002,-358,-1793,49,1609,1119,681,FF,0,0,0,FF,0,0,0,D1,-1,29,-21
1641    80,752,-795,-1756,9D,1181,139,827,FF,0,0,0,FF,0,0,0,D1,1,27,-21
1644    80,534,-1217,-1716,F8,1016,-317,909,FF,0,0,0,FF,0,0,0,D1,1,27,-21
1647    80,356,-1588,-1682,85,901,-704,973,FF,0,0,0,FF,0,0,0,D1,0,29,-22
1650    80,241,-1882,-1656,50,848,-977,1014,FF,0,0,0,FF,0,0,0,D1,1,31,-21
1653    80,196,-2074,-1643,65,869,-1125,1030,FF,0,0,0,FF,0,0,0,D1,1,31,-21
1656    80,221,-2147,-1640,B6,950,-1133,1025,FF,0,0,0,FF,0,0,0,D1,0,30,-21
1659    80,507,-1933,-1676,48,1096,-1002,997,FF,0,0,0,FF,0,0,0,D1,0,30,-21
1662    80,734,-1664,-1710,48,1520,-387,860,FF,0,0,0,FF,0,0,0,D1,-1,28,-22
1665    80,989,-1320,-1759,E6,1766,39,769,FF,0,0,0,FF,0,0,0,D1,-1,28,-22
1668    80,1264,-930,-1811,D4,2004,499,672,FF,0,0,0,FF,0,0,0,D1,-1,29,-21
1671    80,1535,-526,-1858,AC,2220,948,589,FF,0,0,0,FF,0,0,0,D1,0,29,-22
1674    80,1777,-135,-1897,5B,2395,1357,521,FF,0,0,0,FF,0,0,0,D1,0,29,-22
1677    80,1974,203,-1923,D5,2517,1684,477,FF,0,0,0,FF,0,0,0,D1,1,29,-22
1680    80,2178,626,-1916,12,2578,1911,447,FF,0,0,0,FF,0,0,0,D1,1,29,-22
1683    80,2178,687,-1887,11,2577,2020,470,FF,0,0,0,FF,0,0,0,D1,-1,29,-21
1686    80,2122,641,-1828,75,2421,1876,601,FF,0,0,0,FF,0,0,0,D1,-1,29,-20
1689    80,2011,495,-1748,EF,2287,1643,711,FF,0,0,0,FF,0,0,0,D1,-1,29,-20
1692    80,1858,268,-1649,55,2133,1331,834,FF,0,0,0,FF,0,0,0,D1,1,29,-22
1695    80,1686,-31,-1539,B7,1975,969,977,FF,0,0,0,FF,0,0,0,D1,1,29,-22
1698    80,1505,-368,-1440,2B,1835,587,1110,FF,0,0,0,FF,0,0,0,D1,0,29,-21
1701    80,1334,-702,-1339,B8,1720,217,1245,FF,0,0,0,FF,0,0,0,D1,0,29,-21
1704    80,1085,-1318,-1189,6E,1646,-110,1343,FF,0,0,0,FF,0,0,0,D1,1,28,-22
1707    80,1016,-1544,-1153,6E,1646,-110,1343,FF,0,0,0,FF,0,0,0,D1,1,28,-23
1710    80,984,-1687,-1155,5A,1626,-639,1422,FF,0,0,0,FF,0,0,0,D1,1,28,-23
1713    80,985,-1755,-1197,88,1672,-632,1366,FF,0,0,0,FF,0,0,0,D1,1,28,-19
1716    80,1009,-1737,-1270,BE,1726,-537,1265,FF,0,0,0,FF,0,0,0,D1,1,28,-19
1719    80,1048,-1641,-1365,EF,1775,-369,1141,FF,0,0,0,FF,0,0,0,D1,0,28,-21
1722    80,1087,-1487,-1491,10,1808,-147,983,FF,0,0,0,FF,0,0,0,D1,1,29,-23
1725    80,1127,-1034,-1781,11,1809,107,810,FF,0,0,0,FF,0,0,0,D1,1,29,-23
1728    80,1113,-783,-1929,F4,1713,631,479,FF,0,0,0,FF,0,0,0,D1,2,28,-22
1731    80,1067,-550,-2063,54,1620,856,347,FF,0,0,0,FF,0,0,0,D1,2,28,-22
1734    80,1000,-335,-2157,E3,1507,1036,252,FF,0,0,0,FF,0,0,0,D1,1,28,-22
1737    80,931,-157,-2216,6D,1389,1162,208,FF,0,0,0,FF,0,0,0,D1,1,28,-22
1740    80,857,-27,-2244,FF,1279,1231,200,FF,0,0,0,FF,0,0,0,D1,1,29,-21
1743    80,793,49,-2238,A9,1193,1242,239,FF,0,0,0,FF,0,0,0,D1,0,28,-21
1746    80,753,69,-2183,80,1152,1201,326,FF,0,0,0,FF,0,0,0,D1,0,28,-21
1749    80,794,-27,-1959,8C,1164,1114,452,FF,0,0,0,FF,0,0,0,D1,1,29,-22
1752    80,897,-127,-1806,5F,1375,869,765,FF,0,0,0,FF,0,0,0,D1,1,29,-22
1755    80,1054,-252,-1660,1E,1566,734,928,FF,0,0,0,FF,0,0,0,D1,2,29,-22
1758    80,1243,-384,-1526,0D,1805,603,1076,FF,0,0,0,FF,0,0,0,D1,1,28,-22
1761    80,1473,-518,-1387,1B,2075,492,1195,FF,0,0,0,FF,0,0,0,D1,1,28,-22
1764    80,1717,-646,-1271,31,2353,404,1302,FF,0,0,0,FF,0,0,0,D1,0,29,-22
1767    80,1952,-756,-1193,2D,2605,337,1356,FF,0,0,0,FF,0,0,0,D1,0,29,-22
1770    80,2324,-919,-1156,FE,2814,301,1372,FF,0,0,0,FF,0,0,0,D1,2,29,-22
1773    80,2412,-956,-1192,FE,3028,288,1265,FF,0,0,0,FF,0,0,0,D1,2,29,-22
1776    80,2421,-982,-1278,BC,3004,303,1164,FF,0,0,0,FF,0,0,0,D1,1,28,-23
1779    80,2344,-985,-1383,42,2882,331,1034,FF,0,0,0,FF,0,0,0,D1,0,30,-23
1782    80,2181,-971,-1515,6A,2666,358,905,FF,0,0,0,FF,0,0,0,D1,0,30,-23
1785    80,1942,-941,-1649,47,2375,383,762,FF,0,0,0,FF,0,0,0,D1,0,30,-22
1788    80,1644,-906,-1796,F2,2034,406,626,FF,0,0,0,FF,0,0,0,D1,0,30,-22
1791    80,955,-820,-2038,80,1664,417,508,FF,0,0,0,FF,0,0,0,D1,0,28,-21
1794    80,626,-786,-2119,12,968,428,383,FF,0,0,0,FF,0,0,0,D1,2,29,-22
1797    80,335,-744,-2144,BF,703,428,371,FF,0,0,0,FF,0,0,0,D1,2,29,-22
1800    80,124,-712,-2139,0A,522,426,396,FF,0,0,0,FF,0,0,0,D1,1,28,-22
1803    80,1,-689,-2106,BE,446,424,452,FF,0,0,0,FF,0,0,0,D1,1,28,-22
1806    80,-23,-675,-2045,DF,479,427,528,FF,0,0,0,FF,0,0,0,D1,0,28,-22
1809    80,57,-664,-1937,68,616,437,659,FF,0,0,0,FF,0,0,0,D1,0,28,-22
1812    80,235,-654,-1810,56,854,455,794,FF,0,0,0,FF,0,0,0,D1,1,28,-23
1815    80,806,-643,-1529,89,1161,478,926,FF,0,0,0,FF,0,0,0,D1,1,29,-21
1818    80,1151,-636,-1410,89,1161,478,926,FF,0,0,0,FF,0,0,0,D1,1,29,-21
1821    80,1496,-626,-1299,B6,2230,576,1264,FF,0,0,0,FF,0,0,0,D1,1,29,-21
1824    80,1808,-612,-1209,E3,2531,611,1327,FF,0,0,0,FF,0,0,0,D1,1,29,-21
1827    80,2063,-589,-1151,C5,2757,643,1360,FF,0,0,0,FF,0,0,0,D1,0,29,-22
1830    80,2244,-563,-1129,4C,2892,673,1344,FF,0,0,0,FF,0,0,0,D1,0,29,-21
1833    80,2329,-536,-1152,67,2919,701,1300,FF,0,0,0,FF,0,0,0,D1,0,29,-21
1836    80,2224,-479,-1289,22,2850,725,1224,FF,0,0,0,FF,0,0,0,D1,0,29,-22
1839    80,2048,-449,-1398,22,2449,752,1003,FF,0,0,0,FF,0,0,0,D1,0,29,-22
1842    80,1808,-422,-1528,6F,2159,758,872,FF,0,0,0,FF,0,0,0,D1,0,30,-22
1845    80,1536,-402,-1661,39,1849,762,739,FF,0,0,0,FF,0,0,0,D1,0,30,-22
1848    80,1255,-392,-1797,0F,1551,756,614,FF,0,0,0,FF,0,0,0,D1,0,29,-21
1851    80,989,-388,-1918,0D,1293,744,500,FF,0,0,0,FF,0,0,0,D1,1,29,-21
1854    80,773,-404,-2022,4C,1100,719,418,FF,0,0,0,FF,0,0,0,D1,1,29,-21
1857    80,628,-434,-2103,D8,984,681,353,FF,0,0,0,FF,0,0,0,D1,2,29,-22
1860    80,557,-554,-2172,C1,961,633,324,FF,0,0,0,FF,0,0,0,D1,2,29,-22
1863    80,644,-649,-2151,A1,1185,496,361,FF,0,0,0,FF,0,0,0,D1,0,30,-23
1866    80,795,-757,-2108,7C,1404,406,428,FF,0,0,0,FF,0,0,0,D1,0,29,-22
1869    80,1000,-877,-2033,7F,1663,312,509,FF,0,0,0,FF,0,0,0,D1,0,29,-22
1872    80,1235,-1007,-1940,8F,1935,210,618,FF,0,0,0,FF,0,0,0,D1,1,29,-21
1875    80,1464,-1126,-1823,8F,2191,108,719,FF,0,0,0,FF,0,0,0,D1,1,29,-21
1878    80,1664,-1232,-1712,64,2404,21,846,FF,0,0,0,FF,0,0,0,D1,1,28,-23
1881    80,1924,-1357,-1492,F8,2552,-45,955,FF,0,0,0,FF,0,0,0,D1,1,28,-23
1884    80,1950,-1356,-1418,F8,2598,-83,1131,FF,0,0,0,FF,0,0,0,D1,0,28,-23
1887    80,1896,-1302,-1348,BD,2493,-43,1190,FF,0,0,0,FF,0,0,0,D1,1,29,-21
1890    80,1772,-1197,-1307,0E,2318,42,1230,FF,0,0,0,FF,0,0,0,D1,1,29,-21
1893    80,1595,-1042,-1295,26,2086,176,1235,FF,0,0,0,FF,0,0,0,D1,1,29,-21
1896    80,1386,-840,-1302,1E,1822,355,1222,FF,0,0,0,FF,0,0,0,D1,1,29,-21
1899    80,1160,-613,-1335,15,1557,564,1174,FF,0,0,0,FF,0,0,0,D1,0,29,-21
1902    80,948,-360,-1388,21,1313,791,1110,FF,0,0,0,FF,0,0,0,D1,1,29,-21
1905    80,641,114,-1518,66,1003,1236,953,FF,0,0,0,FF,0,0,0,D1,1,29,-21
1908    80,586,305,-1592,BF,959,1420,860,FF,0,0,0,FF,0,0,0,D1,0,28,-22
1911    80,599,435,-1665,E7,999,1553,776,FF,0,0,0,FF,0,0,0,D1,0,28,-22
1914    80,686,498,-1723,60,1120,1617,706,FF,0,0,0,FF,0,0,0,D1,0,29,-22
1917    80,833,471,-1779,22,1314,1602,647,FF,0,0,0,FF,0,0,0,D1,2,29,-21
1920    80,1022,369,-1815,0F,1551,1504,613,FF,0,0,0,FF,0,0,0,D1,2,29,-21
1923    80,1237,176,-1837,15,1813,1321,597,FF,0,0,0,FF,0,0,0,D1,1,29,-22
1926    80,1646,-396,-1829,16,2070,1070,600,FF,0,0,0,FF,0,0,0,D1,1,29,-22
1929    80,1796,-747,-1801,A5,2469,412,673,FF,0,0,0,FF,0,0,0,D1,1,29,-21
1932    80,1885,-1102,-1763,0B,2571,53,727,FF,0,0,0,FF,0,0,0,D1,1,29,-21
1935    80,1906,-1445,-1730,1E,2590,-285,793,FF,0,0,0,FF,0,0,0,D1,1,29,-22
1938    80,1854,-1735,-1688,D8,2520,-576,860,FF,0,0,0,FF,0,0,0,D1,1,28,-21
1941    80,1750,-1956,-1648,47,2375,-793,924,FF,0,0,0,FF,0,0,0,D1,1,28,-21
1944    80,1576,-2084,-1612,7B,2171,-920,977,FF,0,0,0,FF,0,0,0,D1,-1,28,-20
1947    80,1370,-2107,-1585,87,1927,-937,1016,FF,0,0,0,FF,0,0,0,D1,-1,28,-20
1950    80,946,-1838,-1565,87,1432,-632,1041,FF,0,0,0,FF,0,0,0,D1,0,28,-22
1953    80,775,-1556,-1582,CD,1229,-329,1031,FF,0,0,0,FF,0,0,0,D1,1,29,-24
1956    80,657,-1196,-1594,41,1089,45,989,FF,0,0,0,FF,0,0,0,D1,1,29,-24
1959    80,610,-794,-1623,0A,1034,465,942,FF,0,0,0,FF,0,0,0,D1,1,29,-21
1962    80,634,-379,-1651,27,1063,897,879,FF,0,0,0,FF,0,0,0,D1,1,29,-21
1965    80,740,24,-1684,98,1176,1310,810,FF,0,0,0,FF,0,0,0,D1,0,30,-22
1968    80,917,371,-1718,52,1362,1664,729,FF,0,0,0,FF,0,0,0,D1,0,30,-22
1971    80,1406,812,-1787,44,1604,1930,664,FF,0,0,0,FF,0,0,0,D1,-1,30,-22
1974    80,1668,867,-1798,76,2166,2109,575,FF,0,0,0,FF,0,0,0,D1,0,28,-22
1977    80,1910,798,-1807,79,2425,2011,564,FF,0,0,0,FF,0,0,0,D1,0,28,-22
1980    80,2108,617,-1804,47,2631,1790,568,FF,0,0,0,FF,0,0,0,D1,-1,28,-22
1983    80,2234,340,-1797,CF,2767,1467,591,FF,0,0,0,FF,0,0,0,D1,-1,28,-22
1986    80,2279,-16,-1778,FD,2813,1066,640,FF,0,0,0,FF,0,0,0,D1,1,28,-23
1989    80,2230,-415,-1760,CC,2764,625,710,FF,0,0,0,FF,0,0,0,D1,1,28,-22
1992    80,1863,-1211,-1674,3D,2621,183,782,FF,0,0,0,FF,0,0,0,D1,1,28,-22
1995    80,1582,-1542,-1636,3D,2621,183,782,FF,0,0,0,FF,0,0,0,D1,1,29,-21
1998    80,1255,-1784,-1601,F2,1778,-797,994,FF,0,0,0,FF,0,0,0,D1,1,29,-21
2001    80,915,-1921,-1579,9C,1436,-914,1048,FF,0,0,0,FF,0,0,0,D1,2,29,-22
2004    80,599,-1946,-1553,5E,1118,-903,1086,FF,0,0,0,FF,0,0,0,D1,2,29,-22
2007    80,330,-1859,-1538,53,851,-766,1097,FF,0,0,0,FF,0,0,0,D1,1,28,-21
2010    80,124,-1668,-1531,8E,654,-520,1086,FF,0,0,0,FF,0,0,0,D1,0,28,-22
2013    80,12,-1391,-1535,23,547,-187,1065,FF,0,0,0,FF,0,0,0,D1,0,28,-22
2016    80,96,-709,-1582,21,640,606,972,FF,0,0,0,FF,0,0,0,D1,1,29,-22
2019    80,278,-366,-1598,3F,831,991,910,FF,0,0,0,FF,0,0,0,D1,1,29,-22
2022    80,536,-64,-1626,4E,1102,1320,845,FF,0,0,0,FF,0,0,0,D1,1,27,-22
2025    80,853,170,-1645,8F,1423,1564,790,FF,0,0,0,FF,0,0,0,D1,2,29,-22
2028    80,1199,311,-1664,EA,1770,1701,741,FF,0,0,0,FF,0,0,0,D1,2,29,-22
2031    80,1552,350,-1675,45,2117,1715,714,FF,0,0,0,FF,0,0,0,D1,1,29,-23
2034    80,1874,285,-1687,80,2432,1610,693,FF,0,0,0,FF,0,0,0,D1,1,29,-23
2037    80,2338,-111,-1676,86,2694,1397,693,FF,0,0,0,FF,0,0,0,D1,0,29,-22
2040    80,2455,-402,-1668,A7,2983,740,744,FF,0,0,0,FF,0,0,0,D1,0,29,-22
2043    80,2483,-719,-1637,B3,2995,366,787,FF,0,0,0,FF,0,0,0,D1,1,29,-22
2046    80,2420,-1028,-1629,66,2918,7,833,FF,0,0,0,FF,0,0,0,D1,-1,28,-22
2049    80,2282,-1290,-1603,CF,2767,-297,886,FF,0,0,0,FF,0,0,0,D1,-1,28,-22
2052    80,2083,-1488,-1587,FB,2555,-516,922,FF,0,0,0,FF,0,0,0,D1,0,29,-22
2055    80,1847,-1602,-1583,02,2306,-632,946,FF,0,0,0,FF,0,0,0,D1,0,29,-22
2058    80,1591,-1609,-1588,F8,2040,-624,956,FF,0,0,0,FF,0,0,0,D1,1,29,-22
2061    80,1095,-1323,-1624,F8,1548,-259,916,FF,0,0,0,FF,0,0,0,D1,1,28,-23
2064    80,905,-1066,-1674,4C,1356,62,872,FF,0,0,0,FF,0,0,0,D1,1,28,-23
2067    80,760,-752,-1709,C2,1218,440,809,FF,0,0,0,FF,0,0,0,D1,1,29,-23
2070    80,670,-422,-1764,6D,1133,835,738,FF,0,0,0,FF,0,0,0,D1,1,29,-23
2073    80,624,-99,-1813,55,1109,1211,669,FF,0,0,0,FF,0,0,0,D1,1,29,-21
2076    80,632,180,-1862,6B,1131,1531,607,FF,0,0,0,FF,0,0,0,D1,1,29,-21
2079    80,680,381,-1893,A4,1188,1756,557,FF,0,0,0,FF,0,0,0,D1,0,29,-22
2082    80,846,485,-1926,FB,1375,1849,522,FF,0,0,0,FF,0,0,0,D1,1,29,-21
2085    80,934,377,-1907,C2,1474,1701,535,FF,0,0,0,FF,0,0,0,D1,1,29,-21
2088    80,1018,161,-1888,1F,1567,1436,579,FF,0,0,0,FF,0,0,0,D1,-1,28,-22
2091    80,1081,-140,-1845,6E,1646,1075,647,FF,0,0,0,FF,0,0,0,D1,-1,28,-22
2094    80,1135,-503,-1788,A4,1700,651,730,FF,0,0,0,FF,0,0,0,D1,0,29,-22
2097    80,1166,-890,-1710,CB,1739,201,826,FF,0,0,0,FF,0,0,0,D1,1,29,-22
2100    80,1182,-1269,-1643,E6,1766,-231,922,FF,0,0,0,FF,0,0,0,D1,1,29,-22
2103    80,1192,-1609,-1570,FC,1788,-605,1006,FF,0,0,0,FF,0,0,0,D1,0,29,-23
2106    80,1222,-2026,-1442,2A,1834,-1046,1150,FF,0,0,0,FF,0,0,0,D1,0,29,-23
2109    80,1263,-2068,-1390,52,1874,-1069,1186,FF,0,0,0,FF,0,0,0,D1,-1,30,-21
2112    80,1326,-1989,-1357,8D,1933,-952,1197,FF,0,0,0,FF,0,0,0,D1,-1,30,-21
2115    80,1414,-1791,-1341,D7,2007,-699,1181,FF,0,0,0,FF,0,0,0,D1,-1,29,-23
2118    80,1520,-1490,-1358,36,2102,-338,1135,FF,0,0,0,FF,0,0,0,D1,1,30,-23
2121    80,1640,-1116,-1378,9A,2202,108,1070,FF,0,0,0,FF,0,0,0,D1,1,30,-23
2124    80,1768,-697,-1423,FB,2299,594,998,FF,0,0,0,FF,0,0,0,D1,0,29,-23
2127    80,1983,135,-1530,FB,2448,1517,807,FF,0,0,0,FF,0,0,0,D1,0,29,-23
2130    80,2039,471,-1598,A9,2473,1876,726,FF,0,0,0,FF,0,0,0,D1,0,27,-22
2133    80,2050,715,-1664,97,2455,2120,647,FF,0,0,0,FF,0,0,0,D1,0,28,-21
2136    80,2008,843,-1726,59,2393,2227,598,FF,0,0,0,FF,0,0,0,D1,0,28,-21
2139    80,1910,843,-1765,E3,2275,2190,578,FF,0,0,0,FF,0,0,0,D1,0,29,-22
2142    80,1756,720,-1796,41,2113,2008,576,FF,0,0,0,FF,0,0,0,D1,0,29,-22
2145    80,1548,481,-1817,7A,1914,1696,601,FF,0,0,0,FF,0,0,0,D1,1,29,-23
2148    80,1053,-257,-1802,9F,1695,1290,653,FF,0,0,0,FF,0,0,0,D1,1,29,-23
2151    80,800,-692,-1781,E9,1257,320,796,FF,0,0,0,FF,0,0,0,D1,0,27,-22
2154    80,569,-1116,-1748,36,1078,-156,874,FF,0,0,0,FF,0,0,0,D1,-1,28,-21
2157    80,375,-1504,-1709,AD,941,-574,942,FF,0,0,0,FF,0,0,0,D1,-1,28,-21
2160    80,240,-1819,-1678,60,864,-895,993,FF,0,0,0,FF,0,0,0,D1,0,29,-22
2163    80,179,-2034,-1652,54,852,-1097,1023,FF,0,0,0,FF,0,0,0,D1,0,29,-22
2166    80,195,-2134,-1635,8E,910,-1160,1025,FF,0,0,0,FF,0,0,0,D1,0,28,-22
2169    80,291,-2114,-1646,08,1032,-1082,999,FF,0,0,0,FF,0,0,0,D1,1,28,-23
2172    80,672,-1726,-1685,08,1032,-1082,999,FF,0,0,0,FF,0,0,0,D1,1,28,-23
2175    80,934,-1404,-1720,84,1668,-151,795,FF,0,0,0,FF,0,0,0,D1,1,29,-23
2178    80,1214,-1020,-1778,78,1912,298,708,FF,0,0,0,FF,0,0,0,D1,1,29,-23
2181    80,1488,-610,-1823,5E,2142,755,612,FF,0,0,0,FF,0,0,0,D1,-1,28,-21
2184    80,1733,-211,-1865,20,2336,1187,539,FF,0,0,0,FF,0,0,0,D1,-1,28,-21
2187    80,1943,136,-1897,AF,2479,1552,485,FF,0,0,0,FF,0,0,0,D1,0,29,-21
2190    80,2088,424,-1915,05,2565,1822,456,FF,0,0,0,FF,0,0,0,D1,0,29,-22
2193    80,2179,698,-1892,21,2560,2017,499,FF,0,0,0,FF,0,0,0,D1,0,29,-22
2196    80,2125,677,-1850,A8,2472,1932,569,FF,0,0,0,FF,0,0,0,D1,1,30,-21
2199    80,2022,556,-1771,2C,2348,1738,664,FF,0,0,0,FF,0,0,0,D1,1,30,-21
2202    80,1877,344,-1679,96,2198,1455,792,FF,0,0,0,FF,0,0,0,D1,0,28,-21
2205    80,1713,59,-1582,FC,2044,1109,935,FF,0,0,0,FF,0,0,0,D1,1,29,-22
2208    80,1537,-265,-1467,68,1896,730,1079,FF,0,0,0,FF,0,0,0,D1,1,29,-22
2211    80,1372,-618,-1363,E9,1769,348,1210,FF,0,0,0,FF,0,0,0,D1,0,29,-22
2214    80,1227,-950,-1267,86,1670,-2,1321,FF,0,0,0,FF,0,0,0,D1,0,29,-22
2217    80,1040,-1490,-1163,3E,1598,-506,1446,FF,0,0,0,FF,0,0,0,D1,1,29,-22
2220    80,1001,-1665,-1157,4B,1611,-629,1448,FF,0,0,0,FF,0,0,0,D1,1,29,-21
2223    80,1001,-1755,-1189,70,1648,-660,1404,FF,0,0,0,FF,0,0,0,D1,1,29,-21
2226    80,1022,-1762,-1254,A2,1698,-603,1310,FF,0,0,0,FF,0,0,0,D1,0,29,-22
2229    80,1058,-1686,-1357,D8,1752,-463,1189,FF,0,0,0,FF,0,0,0,D1,0,29,-22
2232    80,1095,-1543,-1480,03,1795,-259,1046,FF,0,0,0,FF,0,0,0,D1,2,29,-22
2235    80,1122,-1344,-1614,15,1813,-10,880,FF,0,0,0,FF,0,0,0,D1,2,29,-22
2238    80,1122,-861,-1909,15,1747,517,542,FF,0,0,0,FF,0,0,0,D1,1,29,-21
2241    80,1083,-611,-2041,84,1668,758,400,FF,0,0,0,FF,0,0,0,D1,2,30,-21
2244    80,1023,-390,-2156,1A,1562,962,295,FF,0,0,0,FF,0,0,0,D1,2,30,-21
2247    80,945,-201,-2225,A3,1443,1114,240,FF,0,0,0,FF,0,0,0,D1,1,29,-22
2250    80,867,-62,-2256,31,1329,1208,213,FF,0,0,0,FF,0,0,0,D1,1,29,-22
2253    80,798,32,-2252,D1,1233,1243,232,FF,0,0,0,FF,0,0,0,D1,0,28,-22
2256    80,756,60,-2213,91,1169,1223,297,FF,0,0,0,FF,0,0,0,D1,1,29,-22
2259    80,748,47,-2127,82,1154,1158,409,FF,0,0,0,FF,0,0,0,D1,1,29,-22
2262    80,878,-105,-1866,20,1312,930,713,FF,0,0,0,FF,0,0,0,D1,-1,29,-21
2265    80,1020,-226,-1716,CE,1486,788,872,FF,0,0,0,FF,0,0,0,D1,-1,29,-21
2268    80,1211,-362,-1562,AF,1711,654,1020,FF,0,0,0,FF,0,0,0,D1,-1,28,-21
2271    80,1433,-496,-1424,B2,1970,533,1160,FF,0,0,0,FF,0,0,0,D1,-1,28,-21
2274    80,1679,-623,-1295,C2,2242,434,1271,FF,0,0,0,FF,0,0,0,D1,1,28,-22
2277    80,1915,-732,-1201,CF,2511,356,1344,FF,0,0,0,FF,0,0,0,D1,1,29,-22
2280    80,2130,-828,-1149,BA,2746,308,1371,FF,0,0,0,FF,0,0,0,D1,1,29,-22
2283    80,2403,-948,-1180,BA,2746,308,1371,FF,0,0,0,FF,0,0,0,D1,0,30,-22
2286    80,2426,-969,-1246,D8,3032,298,1212,FF,0,0,0,FF,0,0,0,D1,0,30,-22
2289    80,2367,-972,-1348,7F,2943,321,1100,FF,0,0,0,FF,0,0,0,D1,0,30,-22
2292    80,2218,-962,-1477,CD,2765,347,964,FF,0,0,0,FF,0,0,0,D1,0,28,-21
2295    80,1990,-933,-1616,C9,2505,370,823,FF,0,0,0,FF,0,0,0,D1,0,28,-21
2298    80,1701,-901,-1754,7F,2175,394,683,FF,0,0,0,FF,0,0,0,D1,1,29,-22
2301    80,1366,-862,-1896,10,1808,408,564,FF,0,0,0,FF,0,0,0,D1,1,29,-22
2304    80,1021,-824,-2005,9F,1092,417,413,FF,0,0,0,FF,0,0,0,D1,2,29,-22
2307    80,397,-758,-2147,1F,799,418,389,FF,0,0,0,FF,0,0,0,D1,2,29,-22
2310    80,167,-726,-2162,49,585,419,392,FF,0,0,0,FF,0,0,0,D1,2,30,-21
2313    80,25,-699,-2132,D1,465,420,436,FF,0,0,0,FF,0,0,0,D1,0,30,-22
2316    80,-23,-681,-2076,CA,458,423,508,FF,0,0,0,FF,0,0,0,D1,0,30,-22
2319    80,36,-665,-1981,2E,558,428,625,FF,0,0,0,FF,0,0,0,D1,-1,28,-22
2322    80,193,-658,-1851,F4,756,441,752,FF,0,0,0,FF,0,0,0,D1,-1,28,-22
2325    80,427,-642,-1711,0F,1039,461,888,FF,0,0,0,FF,0,0,0,D1,0,28,-22
2328    80,1063,-619,-1422,CD,1741,517,1136,FF,0,0,0,FF,0,0,0,D1,-1,29,-23
2331    80,1404,-609,-1307,35,2101,547,1237,FF,0,0,0,FF,0,0,0,D1,-1,29,-23
2334    80,1727,-600,-1207,77,2423,578,1316,FF,0,0,0,FF,0,0,0,D1,0,29,-22
2337    80,2002,-587,-1145,79,2681,614,1364,FF,0,0,0,FF,0,0,0,D1,0,29,-22
2340    80,2196,-563,-1114,24,2852,646,1366,FF,0,0,0,FF,0,0,0,D1,-1,29,-21
2343    80,2311,-536,-1126,6D,2925,679,1334,FF,0,0,0,FF,0,0,0,D1,-1,29,-21
2346    80,2331,-515,-1187,4C,2892,702,1268,FF,0,0,0,FF,0,0,0,D1,0,29,-21
2349    80,2081,-452,-1369,4C,2547,737,1068,FF,0,0,0,FF,0,0,0,D1,1,30,-22
2352    80,1857,-426,-1504,E4,2276,745,947,FF,0,0,0,FF,0,0,0,D1,1,30,-22
2355    80,1590,-393,-1640,B5,1973,750,819,FF,0,0,0,FF,0,0,0,D1,1,28,-21
2358    80,1305,-380,-1783,7F,1663,748,694,FF,0,0,0,FF,0,0,0,D1,1,28,-21
2361    80,1045,-382,-1921,6D,1389,740,575,FF,0,0,0,FF,0,0,0,D1,1,29,-21
2364    80,812,-391,-2036,8D,1165,717,478,FF,0,0,0,FF,0,0,0,D1,1,28,-22
2367    80,642,-415,-2106,F8,1016,689,410,FF,0,0,0,FF,0,0,0,D1,1,28,-22
2370    80,555,-467,-2167,C2,998,593,354,FF,0,0,0,FF,0,0,0,D1,1,29,-22
2373    80,623,-632,-2167,5F,1119,524,367,FF,0,0,0,FF,0,0,0,D1,1,29,-22
2376    80,762,-751,-2134,22,1314,439,408,FF,0,0,0,FF,0,0,0,D1,1,28,-22
2379    80,955,-867,-2049,18,1560,341,478,FF,0,0,0,FF,0,0,0,D1,1,28,-22
2382    80,1176,-988,-1945,21,1825,239,583,FF,0,0,0,FF,0,0,0,D1,-1,29,-21
2385    80,1404,-1110,-1838,29,2089,136,687,FF,0,0,0,FF,0,0,0,D1,1,29,-21
2388    80,1617,-1224,-1729,0F,2319,40,798,FF,0,0,0,FF,0,0,0,D1,1,29,-21
2391    80,1782,-1305,-1616,BD,2493,-38,912,FF,0,0,0,FF,0,0,0,D1,2,30,-22
2394    80,1923,-1359,-1420,2E,2606,-104,1103,FF,0,0,0,FF,0,0,0,D1,2,30,-22
2397    80,1892,-1312,-1339,E5,2533,-76,1174,FF,0,0,0,FF,0,0,0,D1,0,28,-22
2400    80,1789,-1218,-1301,4E,2382,-2,1220,FF,0,0,0,FF,0,0,0,D1,2,28,-22
2403    80,1630,-1075,-1280,7B,2171,117,1231,FF,0,0,0,FF,0,0,0,D1,2,28,-22
2406    80,1432,-888,-1277,81,1921,278,1228,FF,0,0,0,FF,0,0,0,D1,0,29,-21
2409    80,1213,-662,-1305,76,1654,477,1190,FF,0,0,0,FF,0,0,0,D1,0,29,-21
2412    80,1000,-415,-1353,76,1398,700,1135,FF,0,0,0,FF,0,0,0,D1,0,29,-21
2415    80,819,-168,-1425,76,1035,1157,970,FF,0,0,0,FF,0,0,0,D1,0,29,-21
2418    80,610,260,-1580,C1,961,1354,877,FF,0,0,0,FF,0,0,0,D1,2,29,-22
2421    80,604,402,-1654,CB,971,1505,794,FF,0,0,0,FF,0,0,0,D1,1,29,-22
2424    80,670,478,-1720,29,1065,1594,712,FF,0,0,0,FF,0,0,0,D1,1,29,-22
2427    80,802,477,-1771,CE,1230,1610,644,FF,0,0,0,FF,0,0,0,D1,1,29,-22
2430    80,980,391,-1810,AE,1454,1543,599,FF,0,0,0,FF,0,0,0,D1,1,29,-22
2433    80,1191,223,-1827,AF,1711,1394,573,FF,0,0,0,FF,0,0,0,D1,0,29,-22
2436    80,1407,-16,-1830,B3,1971,1170,571,FF,0,0,0,FF,0,0,0,D1,1,29,-22
2439    80,1761,-660,-1804,68,2408,544,633,FF,0,0,0,FF,0,0,0,D1,1,29,-22
2442    80,1869,-1017,-1767,EC,2540,187,683,FF,0,0,0,FF,0,0,0,D1,0,28,-22
2445    80,1907,-1363,-1729,1C,2588,-158,754,FF,0,0,0,FF,0,0,0,D1,0,28,-22
2448    80,1869,-1668,-1698,FA,2554,-470,823,FF,0,0,0,FF,0,0,0,D1,-1,28,-22
2451    80,1770,-1909,-1657,86,2438,-718,893,FF,0,0,0,FF,0,0,0,D1,-1,28,-22
2454    80,1611,-2062,-1627,CE,2254,-882,959,FF,0,0,0,FF,0,0,0,D1,-1,30,-22
